// Auto-generated 4bpp AA font from Englebert.ttf @ 34px
// Codepoints U+0020..U+00FF (Latin-1 block)
#pragma once
#include "AAFont.h"

const uint8_t Englebert34aaBitmaps[] PROGMEM = {
  0x01, 0x34, 0x05, 0xFF, 0xF0, 0x4F, 0xFF, 0x03, 0xFF, 0xE0, 0x2F, 0xFD, 0x01, 0xFF, 0xD0, 0x0F,
  0xFC, 0x00, 0xFF, 0xB0, 0x0F, 0xFB, 0x00, 0xFF, 0xA0, 0x0E, 0xF9, 0x00, 0xEF, 0x90, 0x0D, 0xF8,
  0x00, 0xDF, 0x80, 0x0C, 0xF7, 0x00, 0xCF, 0x70, 0x0C, 0xF6, 0x00, 0xBF, 0x60, 0x0B, 0xF5, 0x00,
  0xBF, 0x50, 0x0B, 0xF5, 0x00, 0xBF, 0x40, 0x01, 0x20, 0x00, 0x36, 0x00, 0x1F, 0xF7, 0x01, 0xFF,
  0x60, 0x02, 0x30, 0x00, 0x33, 0x30, 0x00, 0x0E, 0xFC, 0x0E, 0xEA, 0xCF, 0xB0, 0xFF, 0x9B, 0xFA,
  0x0F, 0xF7, 0xAF, 0xA0, 0xFF, 0x68, 0xF9, 0x0F, 0xF4, 0x7F, 0x80, 0xFF, 0x26, 0xF7, 0x0F, 0xF0,
  0x4F, 0x60, 0xFF, 0x01, 0x62, 0x06, 0x50, 0x00, 0x13, 0x10, 0x25, 0x10, 0x00, 0x05, 0xF6, 0x07,
  0xF5, 0x00, 0x00, 0x5F, 0x60, 0x8F, 0x50, 0x00, 0x05, 0xF6, 0x08, 0xF5, 0x00, 0x00, 0x5F, 0x60,
  0x8F, 0x50, 0x09, 0xEF, 0xFF, 0xEF, 0xFF, 0xEC, 0xAF, 0xFF, 0xFF, 0xFF, 0xFF, 0xE2, 0x4A, 0xFA,
  0x4D, 0xFA, 0x54, 0x00, 0x5F, 0x60, 0x9F, 0x50, 0x08, 0x9F, 0xFF, 0x9F, 0xFE, 0x97, 0xEF, 0xFF,
  0xFF, 0xFF, 0xFF, 0xC7, 0x9F, 0xFF, 0xAF, 0xFF, 0xB8, 0x00, 0x5F, 0x60, 0x9F, 0x50, 0x00, 0x05,
  0xF6, 0x0A, 0xF5, 0x00, 0x00, 0x5F, 0x60, 0xAF, 0x50, 0x00, 0x04, 0xC4, 0x07, 0xC3, 0x00, 0x00,
  0x08, 0xC7, 0x00, 0x00, 0x00, 0x0A, 0xF9, 0x00, 0x00, 0x00, 0x0A, 0xF8, 0x00, 0x00, 0x00, 0x0A,
  0xF8, 0x00, 0x00, 0x00, 0x0F, 0xFD, 0x20, 0x00, 0x05, 0xEF, 0xFF, 0xFA, 0x10, 0x4F, 0xFF, 0xBD,
  0xFF, 0xC0, 0xCF, 0xC1, 0x00, 0x9F, 0xF4, 0xFF, 0x60, 0x00, 0x1F, 0xF7, 0xEF, 0x70, 0x00, 0x0E,
  0xF8, 0x9F, 0xF7, 0x00, 0x00, 0x10, 0x0C, 0xFF, 0xFC, 0x60, 0x00, 0x00, 0x7E, 0xFF, 0xFD, 0x10,
  0x01, 0x00, 0x38, 0xFF, 0xB0, 0xEF, 0x60, 0x00, 0x5F, 0xF0, 0xAF, 0xD0, 0x00, 0x6F, 0xE0, 0x2F,
  0xFD, 0x79, 0xFF, 0x90, 0x05, 0xFF, 0xFF, 0xFB, 0x00, 0x00, 0x1D, 0xFF, 0x30, 0x00, 0x00, 0x06,
  0xF7, 0x00, 0x00, 0x00, 0x06, 0xF7, 0x00, 0x00, 0x00, 0x06, 0xF7, 0x00, 0x00, 0x00, 0x00, 0x00,
  0x00, 0x00, 0x00, 0x00, 0x00, 0x00, 0x00, 0x00, 0x00, 0x00, 0x00, 0x00, 0x06, 0xE7, 0x00, 0x00,
  0x00, 0x5C, 0xFE, 0x80, 0x00, 0x00, 0xDF, 0x60, 0x00, 0x00, 0x4F, 0xE8, 0xDF, 0x80, 0x00, 0x4F,
  0xE0, 0x00, 0x00, 0x0B, 0xF6, 0x01, 0xFF, 0x00, 0x0B, 0xF7, 0x00, 0x00, 0x00, 0xFF, 0x20, 0x0D,
  0xF3, 0x02, 0xFF, 0x10, 0x00, 0x00, 0x1F, 0xF0, 0x00, 0xBF, 0x50, 0x9F, 0x80, 0x00, 0x00, 0x02,
  0xFF, 0x00, 0x0B, 0xF6, 0x1F, 0xF1, 0x00, 0x00, 0x00, 0x1F, 0xF0, 0x00, 0xCF, 0x58, 0xFA, 0x00,
  0x00, 0x00, 0x00, 0xDF, 0x30, 0x0F, 0xF2, 0xEF, 0x21, 0x79, 0x71, 0x00, 0x06, 0xF8, 0x05, 0xFA,
  0x6F, 0xB3, 0xFF, 0xFF, 0xE2, 0x00, 0x0D, 0xFA, 0xEF, 0x2D, 0xF3, 0xCF, 0x60, 0x8F, 0xA0, 0x00,
  0x19, 0xDB, 0x24, 0xFC, 0x1F, 0xF0, 0x01, 0xFF, 0x00, 0x00, 0x00, 0x00, 0xBF, 0x44, 0xFD, 0x00,
  0x0F, 0xF2, 0x00, 0x00, 0x00, 0x2F, 0xD0, 0x5F, 0xC0, 0x00, 0xEF, 0x20, 0x00, 0x00, 0x0A, 0xF6,
  0x05, 0xFD, 0x00, 0x0F, 0xF2, 0x00, 0x00, 0x01, 0xFE, 0x00, 0x2F, 0xE0, 0x01, 0xFF, 0x00, 0x00,
  0x00, 0x8F, 0x70, 0x00, 0xDF, 0x20, 0x5F, 0xA0, 0x00, 0x00, 0x0E, 0xE0, 0x00, 0x05, 0xFB, 0x3D,
  0xF2, 0x00, 0x00, 0x06, 0xF8, 0x00, 0x00, 0x08, 0xFF, 0xF5, 0x00, 0x00, 0x00, 0x6B, 0x10, 0x00,
  0x00, 0x01, 0x41, 0x00, 0x00, 0x00, 0x00, 0x00, 0x25, 0x40, 0x00, 0x00, 0x00, 0x00, 0x00, 0x00,
  0xAF, 0xFF, 0xE4, 0x00, 0x00, 0x00, 0x00, 0x00, 0x8F, 0xFF, 0xFF, 0xE0, 0x00, 0x00, 0x00, 0x00,
  0x0E, 0xFA, 0x07, 0xFF, 0x40, 0x00, 0x00, 0x00, 0x02, 0xFF, 0x20, 0x1F, 0xF6, 0x00, 0x00, 0x00,
  0x00, 0x3F, 0xF0, 0x02, 0xFF, 0x50, 0x00, 0x00, 0x00, 0x03, 0xFF, 0x00, 0x6F, 0xF1, 0x00, 0x00,
  0x00, 0x00, 0x2F, 0xF1, 0x0D, 0xFA, 0x00, 0x00, 0x00, 0x00, 0x00, 0xFF, 0x36, 0xFF, 0x20, 0x00,
  0x00, 0x00, 0x00, 0x0E, 0xFA, 0xFF, 0x50, 0x00, 0x00, 0x00, 0x00, 0x00, 0xAF, 0xFF, 0x70, 0x00,
  0x00, 0x00, 0x00, 0x00, 0x08, 0xFF, 0x80, 0x00, 0x00, 0x00, 0x00, 0x00, 0x00, 0xEF, 0xF6, 0x00,
  0x00, 0x00, 0x00, 0x00, 0x00, 0xBF, 0xFF, 0xC0, 0x00, 0x9F, 0xF5, 0x00, 0x00, 0x8F, 0xC6, 0xFF,
  0x40, 0x0A, 0xFF, 0x30, 0x00, 0x3F, 0xF3, 0x0E, 0xFC, 0x00, 0xBF, 0xF1, 0x00, 0x0B, 0xFC, 0x00,
  0x6F, 0xF6, 0x0D, 0xFF, 0x00, 0x02, 0xFF, 0x70, 0x00, 0xCF, 0xF3, 0xFF, 0xB0, 0x00, 0x6F, 0xF5,
  0x00, 0x03, 0xFF, 0xFF, 0xF7, 0x00, 0x07, 0xFF, 0x40, 0x00, 0x07, 0xFF, 0xFF, 0x20, 0x00, 0x7F,
  0xF7, 0x00, 0x00, 0x0C, 0xFF, 0xF0, 0x00, 0x03, 0xFF, 0xE0, 0x00, 0x00, 0xBF, 0xFF, 0xC1, 0x00,
  0x0D, 0xFF, 0xC3, 0x01, 0xAF, 0xFF, 0xFF, 0xE4, 0x00, 0x4F, 0xFF, 0xFF, 0xFF, 0xFD, 0x2B, 0xFF,
  0xE1, 0x00, 0x4E, 0xFF, 0xFF, 0xFA, 0x00, 0x09, 0xB1, 0x00, 0x00, 0x05, 0x88, 0x62, 0x00, 0x00,
  0x00, 0x00, 0x33, 0x1E, 0xF6, 0xCF, 0x6B, 0xF6, 0xAF, 0x68, 0xF6, 0x7F, 0x66, 0xF6, 0x4F, 0x61,
  0x62, 0x00, 0x00, 0x00, 0x95, 0x00, 0x00, 0x00, 0x9F, 0xE0, 0x00, 0x00, 0x6F, 0xF3, 0x00, 0x00,
  0x1F, 0xF7, 0x00, 0x00, 0x0A, 0xFD, 0x00, 0x00, 0x02, 0xFF, 0x60, 0x00, 0x00, 0x9F, 0xF0, 0x00,
  0x00, 0x0E, 0xFA, 0x00, 0x00, 0x04, 0xFF, 0x50, 0x00, 0x00, 0x8F, 0xF1, 0x00, 0x00, 0x0B, 0xFF,
  0x00, 0x00, 0x00, 0xEF, 0xD0, 0x00, 0x00, 0x0F, 0xFB, 0x00, 0x00, 0x01, 0xFF, 0xA0, 0x00, 0x00,
  0x2F, 0xFA, 0x00, 0x00, 0x01, 0xFF, 0xA0, 0x00, 0x00, 0x0F, 0xFB, 0x00, 0x00, 0x00, 0xFF, 0xC0,
  0x00, 0x00, 0x0C, 0xFF, 0x00, 0x00, 0x00, 0xAF, 0xF1, 0x00, 0x00, 0x07, 0xFF, 0x50, 0x00, 0x00,
  0x2F, 0xF9, 0x00, 0x00, 0x00, 0xEF, 0xD0, 0x00, 0x00, 0x09, 0xFF, 0x20, 0x00, 0x00, 0x3F, 0xF7,
  0x00, 0x00, 0x00, 0xCF, 0xD0, 0x00, 0x00, 0x05, 0xFF, 0x40, 0x00, 0x00, 0x0C, 0xFB, 0x00, 0x00,
  0x00, 0x3F, 0xF5, 0x00, 0x00, 0x00, 0x8F, 0xE1, 0x00, 0x00, 0x00, 0x99, 0x00, 0x1B, 0x10, 0x00,
  0x00, 0x9F, 0xD1, 0x00, 0x00, 0x0D, 0xFB, 0x00, 0x00, 0x03, 0xFF, 0x50, 0x00, 0x00, 0x9F, 0xE0,
  0x00, 0x00, 0x1F, 0xF7, 0x00, 0x00, 0x0B, 0xFD, 0x00, 0x00, 0x05, 0xFF, 0x30, 0x00, 0x01, 0xFF,
  0x80, 0x00, 0x00, 0xDF, 0xC0, 0x00, 0x00, 0xAF, 0xF0, 0x00, 0x00, 0x8F, 0xF3, 0x00, 0x00, 0x7F,
  0xF5, 0x00, 0x00, 0x6F, 0xF6, 0x00, 0x00, 0x5F, 0xF7, 0x00, 0x00, 0x5F, 0xF6, 0x00, 0x00, 0x6F,
  0xF5, 0x00, 0x00, 0x8F, 0xF4, 0x00, 0x00, 0xAF, 0xF1, 0x00, 0x00, 0xCF, 0xE0, 0x00, 0x00, 0xFF,
  0xB0, 0x00, 0x04, 0xFF, 0x70, 0x00, 0x08, 0xFF, 0x20, 0x00, 0x0D, 0xFE, 0x00, 0x00, 0x2F, 0xF7,
  0x00, 0x00, 0x8F, 0xF1, 0x00, 0x00, 0xFF, 0xA0, 0x00, 0x07, 0xFF, 0x10, 0x00, 0x1F, 0xF7, 0x00,
  0x00, 0xBF, 0xC0, 0x00, 0x00, 0x5C, 0x10, 0x00, 0x00, 0x00, 0x00, 0x00, 0x00, 0x00, 0x00, 0x55,
  0x20, 0x00, 0x00, 0x00, 0x1F, 0xF7, 0x00, 0x00, 0x00, 0x00, 0xFF, 0x50, 0x10, 0x00, 0x30, 0x0F,
  0xF4, 0x1D, 0x40, 0x3F, 0x90, 0xEF, 0x4E, 0xFD, 0x0C, 0xFF, 0xCE, 0xFE, 0xFF, 0xA1, 0x28, 0xEF,
  0xFF, 0xF9, 0x20, 0x00, 0x00, 0xCF, 0xFF, 0x30, 0x00, 0x00, 0x6F, 0xB9, 0xFF, 0x80, 0x00, 0x6F,
  0xF3, 0x0C, 0xFF, 0xC0, 0x5F, 0xFC, 0x00, 0x1E, 0xF6, 0x01, 0xCF, 0x40, 0x00, 0x3A, 0x00, 0x00,
  0x60, 0x00, 0x00, 0x00, 0x00, 0x00, 0x00, 0x33, 0x10, 0x00, 0x00, 0x00, 0x0F, 0xF8, 0x00, 0x00,
  0x00, 0x00, 0xFF, 0x80, 0x00, 0x00, 0x00, 0x0F, 0xF8, 0x00, 0x00, 0x00, 0x00, 0xFF, 0x80, 0x00,
  0x0D, 0xEE, 0xEF, 0xFF, 0xEE, 0xED, 0xEF, 0xFF, 0xFF, 0xFF, 0xFF, 0xE8, 0x88, 0x7F, 0xFE, 0x44,
  0x32, 0x00, 0x00, 0xFF, 0x80, 0x00, 0x00, 0x00, 0x0F, 0xF8, 0x00, 0x00, 0x00, 0x00, 0xFF, 0x80,
  0x00, 0x00, 0x00, 0x08, 0x95, 0x00, 0x00, 0x02, 0x00, 0xAF, 0xC0, 0xFF, 0xF0, 0x7F, 0xE0, 0x0E,
  0x70, 0x99, 0x00, 0x6E, 0xEE, 0xEE, 0xEE, 0xEE, 0xE5, 0x7F, 0xFF, 0xFF, 0xFF, 0xFF, 0xF6, 0x49,
  0x99, 0x99, 0x99, 0x99, 0x93, 0x8E, 0x7F, 0xFD, 0x7D, 0x50, 0x00, 0x00, 0x00, 0x00, 0x00, 0x20,
  0x00, 0x00, 0x00, 0x00, 0x00, 0x4F, 0xE9, 0x00, 0x00, 0x00, 0x00, 0x0A, 0xFF, 0x70, 0x00, 0x00,
  0x00, 0x01, 0xFF, 0xF1, 0x00, 0x00, 0x00, 0x00, 0x7F, 0xF9, 0x00, 0x00, 0x00, 0x00, 0x0D, 0xFF,
  0x20, 0x00, 0x00, 0x00, 0x03, 0xFF, 0xB0, 0x00, 0x00, 0x00, 0x00, 0xAF, 0xF5, 0x00, 0x00, 0x00,
  0x00, 0x1F, 0xFD, 0x00, 0x00, 0x00, 0x00, 0x06, 0xFF, 0x70, 0x00, 0x00, 0x00, 0x00, 0xCF, 0xF1,
  0x00, 0x00, 0x00, 0x00, 0x3F, 0xF9, 0x00, 0x00, 0x00, 0x00, 0x09, 0xFF, 0x20, 0x00, 0x00, 0x00,
  0x00, 0xFF, 0xB0, 0x00, 0x00, 0x00, 0x00, 0x6F, 0xF4, 0x00, 0x00, 0x00, 0x00, 0x0C, 0xFD, 0x00,
  0x00, 0x00, 0x00, 0x02, 0xFF, 0x60, 0x00, 0x00, 0x00, 0x00, 0x8F, 0xF0, 0x00, 0x00, 0x00, 0x00,
  0x0E, 0xF8, 0x00, 0x00, 0x00, 0x00, 0x05, 0xFF, 0x20, 0x00, 0x00, 0x00, 0x00, 0xBF, 0xB0, 0x00,
  0x00, 0x00, 0x00, 0x1F, 0xF4, 0x00, 0x00, 0x00, 0x00, 0x08, 0xFD, 0x00, 0x00, 0x00, 0x00, 0x00,
  0xEF, 0x60, 0x00, 0x00, 0x00, 0x00, 0x3F, 0xE0, 0x00, 0x00, 0x00, 0x00, 0x00, 0x01, 0x00, 0x00,
  0x00, 0x00, 0x00, 0x00, 0x00, 0x28, 0xBC, 0xB8, 0x20, 0x00, 0x00, 0x00, 0x6F, 0xFF, 0xFF, 0xFF,
  0x70, 0x00, 0x00, 0x6F, 0xFF, 0x85, 0x8F, 0xFF, 0x50, 0x00, 0x1F, 0xFF, 0x30, 0x00, 0x3F, 0xFF,
  0x10, 0x08, 0xFF, 0x90, 0x00, 0x00, 0xAF, 0xF7, 0x00, 0xDF, 0xF3, 0x00, 0x00, 0x04, 0xFF, 0xC0,
  0x1F, 0xFF, 0x00, 0x00, 0x00, 0x0F, 0xFF, 0x05, 0xFF, 0xC0, 0x00, 0x00, 0x00, 0xDF, 0xF3, 0x7F,
  0xFA, 0x00, 0x00, 0x00, 0x0B, 0xFF, 0x59, 0xFF, 0x80, 0x00, 0x00, 0x00, 0x9F, 0xF7, 0xAF, 0xF7,
  0x00, 0x00, 0x00, 0x08, 0xFF, 0x8B, 0xFF, 0x60, 0x00, 0x00, 0x00, 0x8F, 0xF9, 0xBF, 0xF6, 0x00,
  0x00, 0x00, 0x08, 0xFF, 0x9B, 0xFF, 0x60, 0x00, 0x00, 0x00, 0x8F, 0xF9, 0xBF, 0xF6, 0x00, 0x00,
  0x00, 0x08, 0xFF, 0x99, 0xFF, 0x70, 0x00, 0x00, 0x00, 0x9F, 0xF7, 0x7F, 0xF9, 0x00, 0x00, 0x00,
  0x0B, 0xFF, 0x53, 0xFF, 0xB0, 0x00, 0x00, 0x00, 0xDF, 0xF1, 0x0F, 0xFD, 0x00, 0x00, 0x00, 0x0F,
  0xFD, 0x00, 0xBF, 0xF1, 0x00, 0x00, 0x04, 0xFF, 0x90, 0x05, 0xFF, 0x60, 0x00, 0x00, 0x8F, 0xF2,
  0x00, 0x0D, 0xFD, 0x00, 0x00, 0x0E, 0xFB, 0x00, 0x00, 0x5F, 0xF6, 0x00, 0x09, 0xFF, 0x30, 0x00,
  0x00, 0xAF, 0xF8, 0x5A, 0xFF, 0x80, 0x00, 0x00, 0x00, 0xAF, 0xFF, 0xFF, 0x90, 0x00, 0x00, 0x00,
  0x00, 0x5B, 0xDB, 0x40, 0x00, 0x00, 0x00, 0x07, 0xDC, 0xA3, 0x00, 0x8F, 0xFF, 0xF5, 0x09, 0xFF,
  0xFF, 0xF5, 0x9F, 0xFF, 0xFF, 0xF5, 0x3F, 0xF5, 0xBF, 0xF5, 0x06, 0x50, 0xBF, 0xF5, 0x00, 0x00,
  0xBF, 0xF5, 0x00, 0x00, 0xBF, 0xF5, 0x00, 0x00, 0xBF, 0xF5, 0x00, 0x00, 0xBF, 0xF5, 0x00, 0x00,
  0xBF, 0xF5, 0x00, 0x00, 0xBF, 0xF5, 0x00, 0x00, 0xBF, 0xF5, 0x00, 0x00, 0xBF, 0xF5, 0x00, 0x00,
  0xBF, 0xF5, 0x00, 0x00, 0xBF, 0xF5, 0x00, 0x00, 0xBF, 0xF5, 0x00, 0x00, 0xBF, 0xF5, 0x00, 0x00,
  0xBF, 0xF5, 0x00, 0x00, 0xBF, 0xF5, 0x00, 0x00, 0xBF, 0xF5, 0x00, 0x00, 0xBF, 0xF5, 0x00, 0x00,
  0xBF, 0xF5, 0x00, 0x00, 0xBF, 0xF5, 0x00, 0x00, 0xBF, 0xF5, 0x00, 0x00, 0x12, 0x20, 0x00, 0x00,
  0x01, 0x33, 0x10, 0x00, 0x00, 0x00, 0x03, 0xCF, 0xFF, 0xFD, 0x70, 0x00, 0x00, 0x5F, 0xFF, 0x87,
  0xBF, 0xFB, 0x00, 0x01, 0xFF, 0xF3, 0x00, 0x07, 0xFF, 0x90, 0x08, 0xFF, 0x90, 0x00, 0x00, 0xDF,
  0xF1, 0x0C, 0xFF, 0x30, 0x00, 0x00, 0x7F, 0xF6, 0x0F, 0xFF, 0x00, 0x00, 0x00, 0x5F, 0xFA, 0x0F,
  0xFF, 0x00, 0x00, 0x00, 0x4F, 0xFB, 0x0F, 0xFF, 0x00, 0x00, 0x00, 0x4F, 0xFB, 0x0D, 0xFF, 0x00,
  0x00, 0x00, 0x6F, 0xFB, 0x09, 0xFF, 0x30, 0x00, 0x00, 0xAF, 0xF9, 0x04, 0x85, 0x10, 0x00, 0x00,
  0xEF, 0xF4, 0x00, 0x00, 0x00, 0x00, 0x05, 0xFF, 0xE0, 0x00, 0x00, 0x00, 0x00, 0x0C, 0xFF, 0x80,
  0x00, 0x00, 0x00, 0x00, 0x5F, 0xFE, 0x00, 0x00, 0x00, 0x00, 0x00, 0xDF, 0xF7, 0x00, 0x00, 0x00,
  0x00, 0x07, 0xFF, 0xD0, 0x00, 0x00, 0x00, 0x00, 0x2F, 0xFF, 0x30, 0x00, 0x00, 0x00, 0x00, 0xDF,
  0xF8, 0x00, 0x00, 0x00, 0x00, 0x0A, 0xFF, 0xB0, 0x00, 0x00, 0x00, 0x00, 0x7F, 0xFC, 0x00, 0x00,
  0x00, 0x00, 0x05, 0xFF, 0xD1, 0x00, 0x00, 0x00, 0x00, 0x4F, 0xFD, 0x10, 0x00, 0x00, 0x00, 0x03,
  0xFF, 0xF6, 0x55, 0x55, 0x55, 0x50, 0x05, 0xFF, 0xFF, 0xFF, 0xFF, 0xFF, 0xF2, 0x02, 0xAA, 0xAA,
  0xAA, 0xAA, 0xAA, 0xA1, 0x00, 0x00, 0x6A, 0xCB, 0x83, 0x00, 0x00, 0x00, 0x4E, 0xFF, 0xFF, 0xFF,
  0x90, 0x00, 0x04, 0xFF, 0xF9, 0x58, 0xFF, 0xF9, 0x00, 0x0D, 0xFF, 0x60, 0x00, 0x3F, 0xFF, 0x30,
  0x5F, 0xFD, 0x00, 0x00, 0x0A, 0xFF, 0x90, 0x9F, 0xF9, 0x00, 0x00, 0x03, 0xFF, 0xD0, 0xCF, 0xF7,
  0x00, 0x00, 0x00, 0xFF, 0xF0, 0xDF, 0xF6, 0x00, 0x00, 0x00, 0xFF, 0xF1, 0xCF, 0xF7, 0x00, 0x00,
  0x01, 0xFF, 0xF1, 0xAF, 0xF7, 0x00, 0x00, 0x05, 0xFF, 0xE0, 0x21, 0x00, 0x00, 0x00, 0x0C, 0xFF,
  0x80, 0x00, 0x00, 0x00, 0x00, 0x8F, 0xFF, 0x10, 0x00, 0x00, 0x27, 0x8C, 0xFF, 0xF4, 0x00, 0x00,
  0x00, 0x4F, 0xFF, 0xF9, 0x10, 0x00, 0x00, 0x00, 0x16, 0xDF, 0xFE, 0x30, 0x00, 0x00, 0x00, 0x00,
  0x09, 0xFF, 0xF2, 0x00, 0x8F, 0xE7, 0x00, 0x00, 0xBF, 0xFB, 0x00, 0x9F, 0xF7, 0x00, 0x00, 0x3F,
  0xFF, 0x20, 0x9F, 0xF6, 0x00, 0x00, 0x0F, 0xFF, 0x60, 0x7F, 0xF6, 0x00, 0x00, 0x0C, 0xFF, 0x70,
  0x4F, 0xF8, 0x00, 0x00, 0x0D, 0xFF, 0x60, 0x0E, 0xFC, 0x00, 0x00, 0x1F, 0xFF, 0x30, 0x08, 0xFF,
  0x40, 0x00, 0x8F, 0xFD, 0x00, 0x00, 0xDF, 0xE5, 0x16, 0xFF, 0xF3, 0x00, 0x00, 0x2E, 0xFF, 0xFF,
  0xFF, 0x50, 0x00, 0x00, 0x01, 0x8B, 0xCA, 0x71, 0x00, 0x00, 0x00, 0x00, 0x00, 0x00, 0x0E, 0xFF,
  0x30, 0x00, 0x03, 0x21, 0x00, 0x0E, 0xFF, 0x30, 0x00, 0x2F, 0xFF, 0x00, 0x0E, 0xFF, 0x30, 0x00,
  0x5F, 0xFB, 0x00, 0x0E, 0xFF, 0x30, 0x00, 0x7F, 0xF7, 0x00, 0x0E, 0xFF, 0x30, 0x00, 0xAF, 0xF4,
  0x00, 0x0E, 0xFF, 0x30, 0x00, 0xDF, 0xF0, 0x00, 0x0E, 0xFF, 0x30, 0x00, 0xFF, 0xD0, 0x00, 0x0E,
  0xFF, 0x30, 0x02, 0xFF, 0x90, 0x00, 0x0E, 0xFF, 0x30, 0x05, 0xFF, 0x60, 0x00, 0x0E, 0xFF, 0x30,
  0x08, 0xFF, 0x20, 0x00, 0x0E, 0xFF, 0x30, 0x0A, 0xFE, 0x00, 0x00, 0x0E, 0xFF, 0x30, 0x0D, 0xFB,
  0x00, 0x00, 0x0E, 0xFF, 0x30, 0x0F, 0xFF, 0xAA, 0xAA, 0xAF, 0xFF, 0xD1, 0x3F, 0xFF, 0xFF, 0xFF,
  0xFF, 0xFF, 0xF2, 0x3A, 0xAA, 0xAA, 0xAA, 0xAF, 0xFF, 0xE1, 0x00, 0x00, 0x00, 0x00, 0x0E, 0xFF,
  0x30, 0x00, 0x00, 0x00, 0x00, 0x0E, 0xFF, 0x30, 0x00, 0x00, 0x00, 0x00, 0x0E, 0xFF, 0x30, 0x00,
  0x00, 0x00, 0x00, 0x0E, 0xFF, 0x30, 0x00, 0x00, 0x00, 0x00, 0x0E, 0xFF, 0x30, 0x00, 0x00, 0x00,
  0x00, 0x0E, 0xFF, 0x30, 0x00, 0x00, 0x00, 0x00, 0x0E, 0xFF, 0x30, 0x00, 0x00, 0x00, 0x00, 0x0E,
  0xFF, 0x30, 0x00, 0x00, 0x00, 0x00, 0x0E, 0xFF, 0x30, 0x00, 0x00, 0x00, 0x00, 0x02, 0x22, 0x00,
  0x03, 0x77, 0x77, 0x77, 0x77, 0x73, 0x00, 0x8F, 0xFF, 0xFF, 0xFF, 0xFF, 0x60, 0x09, 0xFF, 0xFF,
  0xFF, 0xFF, 0xF6, 0x00, 0xAF, 0xF3, 0x33, 0x33, 0x33, 0x10, 0x0B, 0xFA, 0x00, 0x00, 0x00, 0x00,
  0x00, 0xCF, 0x80, 0x00, 0x00, 0x00, 0x00, 0x0D, 0xF6, 0x00, 0x00, 0x00, 0x00, 0x00, 0xEF, 0x40,
  0x00, 0x00, 0x00, 0x00, 0x0F, 0xF3, 0x00, 0x00, 0x00, 0x00, 0x00, 0xFF, 0x9B, 0xDE, 0xC7, 0x00,
  0x00, 0x1F, 0xFF, 0xFF, 0xFF, 0xFD, 0x20, 0x01, 0xDF, 0xB6, 0x44, 0xBF, 0xFD, 0x00, 0x00, 0x20,
  0x00, 0x00, 0x9F, 0xF8, 0x00, 0x00, 0x00, 0x00, 0x00, 0xFF, 0xE0, 0x00, 0x00, 0x00, 0x00, 0x0A,
  0xFF, 0x3D, 0xFF, 0x00, 0x00, 0x00, 0x7F, 0xF5, 0xFF, 0xE0, 0x00, 0x00, 0x06, 0xFF, 0x7F, 0xFE,
  0x00, 0x00, 0x00, 0x6F, 0xF7, 0xEF, 0xE0, 0x00, 0x00, 0x07, 0xFF, 0x5C, 0xFF, 0x00, 0x00, 0x00,
  0xAF, 0xF3, 0x8F, 0xF5, 0x00, 0x00, 0x0F, 0xFF, 0x02, 0xFF, 0xC0, 0x00, 0x08, 0xFF, 0x90, 0x09,
  0xFF, 0xA2, 0x17, 0xFF, 0xF1, 0x00, 0x0B, 0xFF, 0xFF, 0xFF, 0xF3, 0x00, 0x00, 0x05, 0xBF, 0xFD,
  0x81, 0x00, 0x00, 0x00, 0x00, 0x05, 0x9B, 0x95, 0x00, 0x00, 0x00, 0x02, 0xDF, 0xFF, 0xFF, 0xD2,
  0x00, 0x00, 0x1E, 0xFF, 0x86, 0xCF, 0xFE, 0x20, 0x00, 0xBF, 0xF3, 0x00, 0x0B, 0xFF, 0xA0, 0x03,
  0xFF, 0x80, 0x00, 0x03, 0xFF, 0xF0, 0x09, 0xFF, 0x10, 0x00, 0x00, 0xCB, 0x81, 0x0E, 0xFC, 0x00,
  0x00, 0x00, 0x00, 0x00, 0x2F, 0xF8, 0x00, 0x00, 0x00, 0x00, 0x00, 0x5F, 0xF5, 0x00, 0x00, 0x00,
  0x00, 0x00, 0x8F, 0xF3, 0x01, 0x8C, 0xB8, 0x10, 0x00, 0xAF, 0xF2, 0x4F, 0xFF, 0xFF, 0xF5, 0x00,
  0xBF, 0xF3, 0xFF, 0xD9, 0xDF, 0xFF, 0x40, 0xBF, 0xFB, 0xFA, 0x00, 0x0B, 0xFF, 0xD0, 0xBF, 0xFF,
  0xD0, 0x00, 0x01, 0xFF, 0xF4, 0xBF, 0xFF, 0x60, 0x00, 0x00, 0x9F, 0xF9, 0xAF, 0xFF, 0x10, 0x00,
  0x00, 0x5F, 0xFB, 0x8F, 0xFF, 0x00, 0x00, 0x00, 0x2F, 0xFD, 0x6F, 0xFF, 0x00, 0x00, 0x00, 0x1F,
  0xFD, 0x3F, 0xFF, 0x00, 0x00, 0x00, 0x2F, 0xFC, 0x0F, 0xFE, 0x00, 0x00, 0x00, 0x5F, 0xF9, 0x0B,
  0xFF, 0x10, 0x00, 0x00, 0x9F, 0xF5, 0x04, 0xFF, 0x90, 0x00, 0x01, 0xEF, 0xF1, 0x00, 0xCF, 0xF5,
  0x00, 0x0B, 0xFF, 0x80, 0x00, 0x2E, 0xFF, 0xB9, 0xDF, 0xFD, 0x00, 0x00, 0x02, 0xDF, 0xFF, 0xFF,
  0xB1, 0x00, 0x00, 0x00, 0x05, 0x89, 0x73, 0x00, 0x00, 0x4B, 0xBB, 0xBB, 0xBB, 0xBB, 0xB5, 0x7F,
  0xFF, 0xFF, 0xFF, 0xFF, 0xF9, 0x6C, 0xCC, 0xCC, 0xCC, 0xCF, 0xFC, 0x00, 0x00, 0x00, 0x00, 0x0E,
  0xF8, 0x00, 0x00, 0x00, 0x00, 0x6F, 0xF2, 0x00, 0x00, 0x00, 0x00, 0xCF, 0xB0, 0x00, 0x00, 0x00,
  0x03, 0xFF, 0x40, 0x00, 0x00, 0x00, 0x0A, 0xFD, 0x00, 0x00, 0x00, 0x00, 0x0F, 0xF7, 0x00, 0x00,
  0x00, 0x00, 0x6F, 0xF2, 0x00, 0x00, 0x00, 0x00, 0xCF, 0xC0, 0x00, 0x00, 0x00, 0x02, 0xFF, 0x70,
  0x00, 0x00, 0x00, 0x08, 0xFF, 0x20, 0x00, 0x00, 0x00, 0x0D, 0xFD, 0x00, 0x00, 0x00, 0x00, 0x2F,
  0xF9, 0x00, 0x00, 0x00, 0x00, 0x7F, 0xF5, 0x00, 0x00, 0x00, 0x00, 0xDF, 0xF1, 0x00, 0x00, 0x00,
  0x02, 0xFF, 0xD0, 0x00, 0x00, 0x00, 0x06, 0xFF, 0x90, 0x00, 0x00, 0x00, 0x0A, 0xFF, 0x60, 0x00,
  0x00, 0x00, 0x0E, 0xFF, 0x30, 0x00, 0x00, 0x00, 0x1F, 0xFF, 0x10, 0x00, 0x00, 0x00, 0x5F, 0xFE,
  0x00, 0x00, 0x00, 0x00, 0x9F, 0xFA, 0x00, 0x00, 0x00, 0x00, 0x00, 0x00, 0x00, 0x00, 0x00, 0x00,
  0x00, 0x03, 0x8A, 0x95, 0x00, 0x00, 0x00, 0x00, 0x1B, 0xFF, 0xFF, 0xFD, 0x30, 0x00, 0x00, 0x0C,
  0xFF, 0x84, 0x6F, 0xFE, 0x20, 0x00, 0x07, 0xFF, 0x80, 0x00, 0x3F, 0xFA, 0x00, 0x00, 0xCF, 0xF1,
  0x00, 0x00, 0xCF, 0xF0, 0x00, 0x0E, 0xFE, 0x00, 0x00, 0x09, 0xFF, 0x30, 0x00, 0xEF, 0xE0, 0x00,
  0x00, 0x9F, 0xF3, 0x00, 0x0B, 0xFF, 0x10, 0x00, 0x0B, 0xFF, 0x00, 0x00, 0x6F, 0xF7, 0x00, 0x01,
  0xFF, 0xA0, 0x00, 0x00, 0xDF, 0xE3, 0x00, 0xBF, 0xF2, 0x00, 0x00, 0x02, 0xEF, 0xFC, 0xEF, 0xF6,
  0x00, 0x00, 0x00, 0x7F, 0xFF, 0xFF, 0xFF, 0x91, 0x00, 0x00, 0x7F, 0xFF, 0x95, 0x59, 0xFF, 0xE1,
  0x00, 0x2F, 0xFF, 0x50, 0x00, 0x05, 0xFF, 0xC0, 0x08, 0xFF, 0xA0, 0x00, 0x00, 0x0C, 0xFF, 0x40,
  0xDF, 0xF5, 0x00, 0x00, 0x00, 0x7F, 0xF9, 0x0F, 0xFF, 0x20, 0x00, 0x00, 0x04, 0xFF, 0xD0, 0xFF,
  0xF0, 0x00, 0x00, 0x00, 0x3F, 0xFF, 0x0F, 0xFF, 0x00, 0x00, 0x00, 0x03, 0xFF, 0xE0, 0xEF, 0xF1,
  0x00, 0x00, 0x00, 0x4F, 0xFC, 0x0B, 0xFF, 0x50, 0x00, 0x00, 0x07, 0xFF, 0x90, 0x6F, 0xFB, 0x00,
  0x00, 0x00, 0xCF, 0xF3, 0x00, 0xEF, 0xF5, 0x00, 0x00, 0x4F, 0xFA, 0x00, 0x04, 0xFF, 0xF7, 0x10,
  0x6F, 0xFC, 0x00, 0x00, 0x04, 0xDF, 0xFF, 0xFF, 0xF8, 0x00, 0x00, 0x00, 0x00, 0x48, 0xA9, 0x71,
  0x00, 0x00, 0x00, 0x00, 0x5A, 0xB9, 0x60, 0x00, 0x00, 0x00, 0x3D, 0xFF, 0xFF, 0xFE, 0x20, 0x00,
  0x02, 0xFF, 0xFB, 0x7A, 0xFF, 0xE1, 0x00, 0x0C, 0xFF, 0x70, 0x00, 0x6F, 0xFB, 0x00, 0x4F, 0xFC,
  0x00, 0x00, 0x0B, 0xFF, 0x20, 0x9F, 0xF6, 0x00, 0x00, 0x03, 0xFF, 0x90, 0xCF, 0xF2, 0x00, 0x00,
  0x00, 0xFF, 0xD0, 0xFF, 0xF0, 0x00, 0x00, 0x00, 0xFF, 0xF1, 0xFF, 0xF0, 0x00, 0x00, 0x00, 0xFF,
  0xF3, 0xFF, 0xF0, 0x00, 0x00, 0x01, 0xFF, 0xF6, 0xEF, 0xF3, 0x00, 0x00, 0x04, 0xFF, 0xF7, 0xBF,
  0xF8, 0x00, 0x00, 0x09, 0xFF, 0xF8, 0x6F, 0xFE, 0x10, 0x00, 0x2F, 0xFF, 0xF9, 0x0E, 0xFF, 0xB0,
  0x01, 0xDF, 0xAF, 0xF8, 0x05, 0xFF, 0xFE, 0xCF, 0xFD, 0x3F, 0xF7, 0x00, 0x5F, 0xFF, 0xFF, 0xD1,
  0x4F, 0xF6, 0x00, 0x01, 0x7A, 0xA6, 0x00, 0x6F, 0xF4, 0x00, 0x00, 0x00, 0x00, 0x00, 0x8F, 0xF2,
  0x00, 0x00, 0x00, 0x00, 0x00, 0xBF, 0xF0, 0x00, 0x00, 0x00, 0x00, 0x00, 0xFF, 0xA0, 0x2A, 0xDC,
  0x00, 0x00, 0x04, 0xFF, 0x50, 0x1F, 0xFF, 0x10, 0x00, 0x0B, 0xFF, 0x00, 0x0B, 0xFF, 0xA0, 0x00,
  0x6F, 0xF7, 0x00, 0x02, 0xFF, 0xFC, 0x8B, 0xFF, 0xC0, 0x00, 0x00, 0x3D, 0xFF, 0xFF, 0xFA, 0x00,
  0x00, 0x00, 0x00, 0x48, 0x97, 0x30, 0x00, 0x00, 0x1B, 0xB1, 0x6F, 0xF6, 0x1D, 0xE2, 0x00, 0x00,
  0x00, 0x00, 0x00, 0x00, 0x00, 0x00, 0x00, 0x00, 0x00, 0x00, 0x00, 0x00, 0x00, 0x00, 0x00, 0x00,
  0x00, 0x00, 0x00, 0x00, 0x1D, 0xD2, 0x6F, 0xF6, 0x1C, 0xC1, 0x0A, 0xC1, 0x5F, 0xF7, 0x1D, 0xE2,
  0x00, 0x00, 0x00, 0x00, 0x00, 0x00, 0x00, 0x00, 0x00, 0x00, 0x00, 0x00, 0x00, 0x00, 0x00, 0x00,
  0x00, 0x00, 0x00, 0x00, 0x00, 0x10, 0x1E, 0xF6, 0x5F, 0xFB, 0x0B, 0xF8, 0x04, 0xF2, 0x0C, 0x40,
  0x00, 0x00, 0x00, 0x01, 0x00, 0x00, 0x00, 0x00, 0x4E, 0x20, 0x00, 0x00, 0x07, 0xFF, 0x90, 0x00,
  0x00, 0xAF, 0xFF, 0xB0, 0x00, 0x1C, 0xFF, 0xF6, 0x00, 0x03, 0xEF, 0xFB, 0x10, 0x00, 0x1F, 0xFE,
  0x50, 0x00, 0x00, 0x1F, 0xE2, 0x00, 0x00, 0x00, 0x0F, 0xFF, 0x81, 0x00, 0x00, 0x08, 0xFF, 0xFF,
  0x81, 0x00, 0x00, 0x2C, 0xFF, 0xFF, 0x80, 0x00, 0x00, 0x6F, 0xFF, 0xF2, 0x00, 0x00, 0x01, 0xBF,
  0xD0, 0x00, 0x00, 0x00, 0x05, 0x70, 0x26, 0x66, 0x66, 0x66, 0x66, 0x62, 0x5F, 0xFF, 0xFF, 0xFF,
  0xFF, 0xF7, 0x5F, 0xFF, 0xFE, 0xED, 0xDC, 0xB5, 0x01, 0x00, 0x00, 0x00, 0x00, 0x00, 0x00, 0x00,
  0x00, 0x00, 0x00, 0x00, 0x3A, 0xAA, 0xAA, 0xAA, 0xAA, 0xA5, 0x5F, 0xFF, 0xFF, 0xFF, 0xFF, 0xF7,
  0x5F, 0xFF, 0xFF, 0xFF, 0xFF, 0xF7, 0x01, 0x00, 0x00, 0x00, 0x02, 0xF6, 0x00, 0x00, 0x00, 0x8F,
  0xFC, 0x20, 0x00, 0x0B, 0xFF, 0xFF, 0x80, 0x00, 0x06, 0xEF, 0xFF, 0xD4, 0x00, 0x00, 0x6E, 0xFF,
  0xF7, 0x00, 0x00, 0x06, 0xEF, 0xA0, 0x00, 0x00, 0x1B, 0xFA, 0x00, 0x00, 0x6F, 0xFF, 0x50, 0x02,
  0xCF, 0xFE, 0x30, 0x07, 0xFF, 0xFC, 0x10, 0x05, 0xFF, 0xFA, 0x00, 0x00, 0x0E, 0xF7, 0x00, 0x00,
  0x00, 0x74, 0x00, 0x00, 0x00, 0x00, 0x00, 0x02, 0x45, 0x40, 0x00, 0x00, 0x00, 0x05, 0xDF, 0xFF,
  0xFF, 0x91, 0x00, 0x00, 0x7F, 0xFF, 0xB9, 0xDF, 0xFD, 0x10, 0x04, 0xFF, 0xF4, 0x00, 0x09, 0xFF,
  0xB0, 0x0C, 0xFF, 0x70, 0x00, 0x00, 0xEF, 0xF3, 0x1F, 0xFF, 0x10, 0x00, 0x00, 0x8F, 0xF9, 0x3F,
  0xFE, 0x00, 0x00, 0x00, 0x4F, 0xFC, 0x3F, 0xFD, 0x00, 0x00, 0x00, 0x2F, 0xFE, 0x1F, 0xFE, 0x00,
  0x00, 0x00, 0x2F, 0xFE, 0x0E, 0xFF, 0x00, 0x00, 0x00, 0x3F, 0xFD, 0x04, 0x41, 0x00, 0x00, 0x00,
  0x6F, 0xFA, 0x00, 0x00, 0x00, 0x00, 0x00, 0xCF, 0xF4, 0x00, 0x00, 0x00, 0x00, 0x03, 0xFF, 0xD0,
  0x00, 0x00, 0x00, 0x00, 0x0B, 0xFF, 0x40, 0x00, 0x00, 0x00, 0x00, 0x6F, 0xF8, 0x00, 0x00, 0x00,
  0x00, 0x01, 0xEF, 0xB0, 0x00, 0x00, 0x00, 0x00, 0x0A, 0xFE, 0x10, 0x00, 0x00, 0x00, 0x00, 0x3F,
  0xF4, 0x00, 0x00, 0x00, 0x00, 0x00, 0x9F, 0xA0, 0x00, 0x00, 0x00, 0x00, 0x00, 0xFF, 0x30, 0x00,
  0x00, 0x00, 0x00, 0x04, 0xFD, 0x00, 0x00, 0x00, 0x00, 0x00, 0x07, 0xFA, 0x00, 0x00, 0x00, 0x00,
  0x00, 0x07, 0xE8, 0x00, 0x00, 0x00, 0x00, 0x00, 0x00, 0x00, 0x00, 0x00, 0x00, 0x00, 0x00, 0x01,
  0x72, 0x00, 0x00, 0x00, 0x00, 0x00, 0x0A, 0xFE, 0x00, 0x00, 0x00, 0x00, 0x00, 0x09, 0xFD, 0x00,
  0x00, 0x00, 0x00, 0x00, 0x00, 0x41, 0x00, 0x00, 0x00, 0x00, 0x00, 0x01, 0x7A, 0xCD, 0xCB, 0x84,
  0x00, 0x00, 0x00, 0x00, 0x1A, 0xFF, 0xFF, 0xFF, 0xFF, 0xFC, 0x30, 0x00, 0x00, 0x1D, 0xFF, 0xD7,
  0x42, 0x35, 0xAF, 0xFF, 0x60, 0x00, 0x0C, 0xFF, 0x70, 0x00, 0x00, 0x00, 0x2C, 0xFF, 0x30, 0x05,
  0xFF, 0x70, 0x00, 0x00, 0x00, 0x00, 0x0D, 0xFC, 0x00, 0xCF, 0xD0, 0x00, 0x18, 0xBA, 0x60, 0x00,
  0x3F, 0xF3, 0x1F, 0xF7, 0x00, 0x3E, 0xFF, 0xFF, 0xB0, 0x00, 0xCF, 0x84, 0xFF, 0x10, 0x0E, 0xF8,
  0x02, 0xCF, 0x50, 0x07, 0xFB, 0x7F, 0xE0, 0x02, 0xED, 0x00, 0x03, 0xFA, 0x00, 0x4F, 0xC9, 0xFB,
  0x00, 0x00, 0x21, 0x20, 0x0F, 0xC0, 0x03, 0xFD, 0xAF, 0xA0, 0x00, 0x3C, 0xFF, 0xF9, 0xFD, 0x00,
  0x3F, 0xDA, 0xF9, 0x00, 0x2F, 0xFB, 0x9D, 0xFF, 0xC0, 0x04, 0xFC, 0xAF, 0x90, 0x0A, 0xF8, 0x00,
  0x07, 0xFB, 0x00, 0x6F, 0xA9, 0xFB, 0x00, 0xCF, 0x40, 0x00, 0x3F, 0xB0, 0x0A, 0xF6, 0x6F, 0xD0,
  0x09, 0xFB, 0x11, 0x8F, 0xFA, 0x00, 0xEF, 0x21, 0xFF, 0x20, 0x1E, 0xFF, 0xFF, 0xCF, 0xC1, 0x9F,
  0x90, 0x0C, 0xF8, 0x00, 0x17, 0xAA, 0x50, 0x7F, 0xFF, 0xA0, 0x00, 0x4F, 0xF3, 0x00, 0x00, 0x00,
  0x00, 0x35, 0x30, 0x00, 0x00, 0xAF, 0xE3, 0x00, 0x00, 0x00, 0x00, 0x00, 0x00, 0x00, 0x00, 0xBF,
  0xFC, 0x99, 0xD2, 0x00, 0x00, 0x00, 0x00, 0x00, 0x00, 0x7E, 0xFF, 0xFC, 0x40, 0x00, 0x00, 0x00,
  0x00, 0x00, 0x00, 0x02, 0x31, 0x00, 0x00, 0x00, 0x00, 0x00, 0x00, 0x00, 0x09, 0xAB, 0xB6, 0x00,
  0x00, 0x00, 0x00, 0x00, 0xFF, 0xFF, 0xB0, 0x00, 0x00, 0x00, 0x00, 0x3F, 0xFF, 0xFF, 0x00, 0x00,
  0x00, 0x00, 0x06, 0xFF, 0xEF, 0xF2, 0x00, 0x00, 0x00, 0x00, 0xAF, 0xF7, 0xFF, 0x50, 0x00, 0x00,
  0x00, 0x0D, 0xFF, 0x1F, 0xF9, 0x00, 0x00, 0x00, 0x00, 0xFF, 0xC0, 0xEF, 0xC0, 0x00, 0x00, 0x00,
  0x3F, 0xF8, 0x0B, 0xFF, 0x00, 0x00, 0x00, 0x06, 0xFF, 0x50, 0x7F, 0xF3, 0x00, 0x00, 0x00, 0x9F,
  0xF1, 0x04, 0xFF, 0x60, 0x00, 0x00, 0x0D, 0xFE, 0x00, 0x1F, 0xF9, 0x00, 0x00, 0x00, 0xFF, 0xB0,
  0x00, 0xEF, 0xD0, 0x00, 0x00, 0x3F, 0xF8, 0x00, 0x0B, 0xFF, 0x00, 0x00, 0x06, 0xFF, 0x50, 0x00,
  0x8F, 0xF4, 0x00, 0x00, 0x9F, 0xF1, 0x00, 0x05, 0xFF, 0x80, 0x00, 0x0D, 0xFE, 0x00, 0x00, 0x2F,
  0xFC, 0x00, 0x00, 0xFF, 0xB0, 0x00, 0x00, 0xEF, 0xF0, 0x00, 0x3F, 0xFD, 0x99, 0x99, 0x9E, 0xFF,
  0x30, 0x07, 0xFF, 0xFF, 0xFF, 0xFF, 0xFF, 0xF7, 0x00, 0xAF, 0xFC, 0xBB, 0xBB, 0xBD, 0xFF, 0xB0,
  0x0E, 0xFF, 0x00, 0x00, 0x00, 0x2F, 0xFF, 0x02, 0xFF, 0xC0, 0x00, 0x00, 0x00, 0xFF, 0xF3, 0x5F,
  0xF9, 0x00, 0x00, 0x00, 0x0C, 0xFF, 0x79, 0xFF, 0x70, 0x00, 0x00, 0x00, 0x9F, 0xFA, 0x23, 0x31,
  0x00, 0x00, 0x00, 0x01, 0x33, 0x30, 0x00, 0x02, 0x45, 0x53, 0x00, 0x00, 0x00, 0x1A, 0xFF, 0xFF,
  0xFF, 0xFB, 0x30, 0x00, 0x2F, 0xFF, 0xCB, 0xDF, 0xFF, 0xF7, 0x00, 0x2F, 0xFF, 0x00, 0x01, 0xAF,
  0xFF, 0x40, 0x2F, 0xFF, 0x00, 0x00, 0x0B, 0xFF, 0xD0, 0x2F, 0xFF, 0x00, 0x00, 0x02, 0xFF, 0xF3,
  0x2F, 0xFF, 0x00, 0x00, 0x00, 0xDF, 0xF7, 0x2F, 0xFF, 0x00, 0x00, 0x00, 0xAF, 0xF9, 0x2F, 0xFF,
  0x00, 0x00, 0x00, 0xAF, 0xFA, 0x2F, 0xFF, 0x00, 0x00, 0x00, 0xCF, 0xF7, 0x2F, 0xFF, 0x00, 0x00,
  0x01, 0xFF, 0xF3, 0x2F, 0xFF, 0x00, 0x00, 0x06, 0xFF, 0xC0, 0x2F, 0xFF, 0x00, 0x00, 0x0E, 0xFF,
  0x20, 0x2F, 0xFF, 0x00, 0x00, 0xAF, 0xF4, 0x00, 0x2F, 0xFF, 0x00, 0x1A, 0xFE, 0x30, 0x00, 0x2F,
  0xFF, 0x16, 0xEF, 0xB1, 0x00, 0x00, 0x2F, 0xFF, 0xFF, 0xFF, 0xFF, 0x80, 0x00, 0x2F, 0xFF, 0x43,
  0x35, 0xBF, 0xFA, 0x00, 0x2F, 0xFF, 0x00, 0x00, 0x09, 0xFF, 0x50, 0x2F, 0xFF, 0x00, 0x00, 0x01,
  0xFF, 0xA0, 0x2F, 0xFF, 0x00, 0x00, 0x00, 0xFF, 0xB0, 0x2F, 0xFF, 0x00, 0x00, 0x03, 0xFF, 0x80,
  0x2F, 0xFF, 0x00, 0x00, 0x1D, 0xFE, 0x10, 0x2F, 0xFF, 0x97, 0x8A, 0xFF, 0xE4, 0x00, 0x1C, 0xFF,
  0xFF, 0xFF, 0xE8, 0x10, 0x00, 0x00, 0x02, 0x45, 0x52, 0x00, 0x00, 0x00, 0x00, 0x00, 0x00, 0x46,
  0x87, 0x30, 0x00, 0x00, 0x00, 0x00, 0x7E, 0xFF, 0xFF, 0xFC, 0x20, 0x00, 0x00, 0x0B, 0xFF, 0xFF,
  0xEF, 0xFF, 0xE3, 0x00, 0x00, 0xAF, 0xFF, 0x70, 0x01, 0xBF, 0xFD, 0x00, 0x03, 0xFF, 0xF6, 0x00,
  0x00, 0x0D, 0xFF, 0x50, 0x0B, 0xFF, 0xC0, 0x00, 0x00, 0x05, 0xFF, 0xA0, 0x1F, 0xFF, 0x50, 0x00,
  0x00, 0x00, 0xFF, 0xE0, 0x5F, 0xFF, 0x00, 0x00, 0x00, 0x00, 0xDF, 0xF0, 0x8F, 0xFC, 0x00, 0x00,
  0x00, 0x00, 0xCE, 0xD0, 0xBF, 0xFA, 0x00, 0x00, 0x00, 0x00, 0x00, 0x00, 0xDF, 0xF8, 0x00, 0x00,
  0x00, 0x00, 0x00, 0x00, 0xEF, 0xF7, 0x00, 0x00, 0x00, 0x00, 0x00, 0x00, 0xEF, 0xF7, 0x00, 0x00,
  0x00, 0x00, 0x00, 0x00, 0xEF, 0xF6, 0x00, 0x00, 0x00, 0x00, 0x00, 0x00, 0xEF, 0xF7, 0x00, 0x00,
  0x00, 0x00, 0x00, 0x00, 0xDF, 0xF8, 0x00, 0x00, 0x00, 0x00, 0x00, 0x00, 0xBF, 0xFA, 0x00, 0x00,
  0x00, 0x00, 0x00, 0x00, 0x9F, 0xFC, 0x00, 0x00, 0x00, 0x00, 0x00, 0x00, 0x6F, 0xFF, 0x00, 0x00,
  0x00, 0x01, 0x54, 0x10, 0x1F, 0xFF, 0x30, 0x00, 0x00, 0x07, 0xFF, 0x30, 0x0C, 0xFF, 0x90, 0x00,
  0x00, 0x0C, 0xFF, 0x00, 0x04, 0xFF, 0xF2, 0x00, 0x00, 0x3F, 0xF9, 0x00, 0x00, 0xBF, 0xFD, 0x10,
  0x02, 0xDF, 0xF1, 0x00, 0x00, 0x0C, 0xFF, 0xFA, 0xAF, 0xFF, 0x40, 0x00, 0x00, 0x00, 0x8F, 0xFF,
  0xFF, 0xD3, 0x00, 0x00, 0x00, 0x00, 0x00, 0x46, 0x63, 0x00, 0x00, 0x00, 0x01, 0x58, 0x98, 0x63,
  0x00, 0x00, 0x00, 0x00, 0xEF, 0xFF, 0xFF, 0xFE, 0x80, 0x00, 0x00, 0x0F, 0xFF, 0xD8, 0xBF, 0xFF,
  0xE3, 0x00, 0x00, 0xFF, 0xFA, 0x00, 0x2D, 0xFF, 0xF3, 0x00, 0x0F, 0xFF, 0x90, 0x00, 0x1E, 0xFF,
  0xD0, 0x00, 0xFF, 0xF8, 0x00, 0x00, 0x3F, 0xFF, 0x70, 0x0F, 0xFF, 0x70, 0x00, 0x00, 0xCF, 0xFD,
  0x00, 0xFF, 0xF6, 0x00, 0x00, 0x05, 0xFF, 0xF2, 0x1F, 0xFF, 0x50, 0x00, 0x00, 0x1F, 0xFF, 0x61,
  0xFF, 0xF4, 0x00, 0x00, 0x00, 0xEF, 0xF8, 0x1F, 0xFF, 0x20, 0x00, 0x00, 0x0C, 0xFF, 0x92, 0xFF,
  0xF1, 0x00, 0x00, 0x00, 0xBF, 0xFA, 0x2F, 0xFF, 0x00, 0x00, 0x00, 0x0B, 0xFF, 0xA2, 0xFF, 0xF0,
  0x00, 0x00, 0x00, 0xDF, 0xF8, 0x3F, 0xFE, 0x00, 0x00, 0x00, 0x0F, 0xFF, 0x73, 0xFF, 0xD0, 0x00,
  0x00, 0x02, 0xFF, 0xF4, 0x3F, 0xFC, 0x00, 0x00, 0x00, 0x6F, 0xFF, 0x04, 0xFF, 0xB0, 0x00, 0x00,
  0x0B, 0xFF, 0xA0, 0x4F, 0xF9, 0x00, 0x00, 0x01, 0xFF, 0xF4, 0x04, 0xFF, 0x80, 0x00, 0x00, 0x9F,
  0xFC, 0x00, 0x5F, 0xF7, 0x00, 0x00, 0x3F, 0xFF, 0x20, 0x05, 0xFF, 0x60, 0x00, 0x2E, 0xFF, 0x60,
  0x00, 0x5F, 0xF5, 0x00, 0x6F, 0xFF, 0x70, 0x00, 0x06, 0xFF, 0x88, 0xDF, 0xFF, 0x50, 0x00, 0x00,
  0x5F, 0xFF, 0xFF, 0xF9, 0x10, 0x00, 0x00, 0x00, 0x35, 0x77, 0x40, 0x00, 0x00, 0x00, 0x00, 0x1A,
  0xAA, 0xAA, 0xAA, 0xAA, 0xAA, 0x82, 0xFF, 0xFF, 0xFF, 0xFF, 0xFF, 0xFE, 0x2F, 0xFE, 0xAA, 0xAA,
  0xAA, 0xAA, 0x92, 0xFF, 0xC0, 0x00, 0x00, 0x00, 0x00, 0x2F, 0xFC, 0x00, 0x00, 0x00, 0x00, 0x02,
  0xFF, 0xC0, 0x00, 0x00, 0x00, 0x00, 0x2F, 0xFC, 0x00, 0x00, 0x00, 0x00, 0x02, 0xFF, 0xC0, 0x00,
  0x00, 0x00, 0x00, 0x2F, 0xFC, 0x00, 0x00, 0x00, 0x00, 0x02, 0xFF, 0xC0, 0x00, 0x00, 0x00, 0x00,
  0x2F, 0xFC, 0x00, 0x00, 0x00, 0x00, 0x02, 0xFF, 0xC0, 0x00, 0x00, 0x00, 0x00, 0x2F, 0xFD, 0x33,
  0x33, 0x33, 0x30, 0x02, 0xFF, 0xFF, 0xFF, 0xFF, 0xFF, 0x00, 0x2F, 0xFF, 0xFF, 0xFF, 0xFF, 0xF0,
  0x02, 0xFF, 0xB3, 0x33, 0x33, 0x33, 0x00, 0x2F, 0xFA, 0x00, 0x00, 0x00, 0x00, 0x02, 0xFF, 0xA0,
  0x00, 0x00, 0x00, 0x00, 0x2F, 0xFA, 0x00, 0x00, 0x00, 0x00, 0x02, 0xFF, 0xA0, 0x00, 0x00, 0x00,
  0x00, 0x2F, 0xFA, 0x00, 0x00, 0x00, 0x00, 0x02, 0xFF, 0xEC, 0xCC, 0xCC, 0xCC, 0xC6, 0x2F, 0xFF,
  0xFF, 0xFF, 0xFF, 0xFF, 0x82, 0xDD, 0xDD, 0xDD, 0xDD, 0xDD, 0xD6, 0x19, 0x99, 0x99, 0x99, 0x99,
  0x99, 0x52, 0xFF, 0xFF, 0xFF, 0xFF, 0xFF, 0xF9, 0x2F, 0xFE, 0xBB, 0xBB, 0xBB, 0xBB, 0x62, 0xFF,
  0xA0, 0x00, 0x00, 0x00, 0x00, 0x2F, 0xFA, 0x00, 0x00, 0x00, 0x00, 0x02, 0xFF, 0xA0, 0x00, 0x00,
  0x00, 0x00, 0x2F, 0xFA, 0x00, 0x00, 0x00, 0x00, 0x02, 0xFF, 0xA0, 0x00, 0x00, 0x00, 0x00, 0x2F,
  0xFA, 0x00, 0x00, 0x00, 0x00, 0x02, 0xFF, 0xA0, 0x00, 0x00, 0x00, 0x00, 0x2F, 0xFA, 0x00, 0x00,
  0x00, 0x00, 0x02, 0xFF, 0xA0, 0x00, 0x00, 0x00, 0x00, 0x2F, 0xFB, 0x33, 0x33, 0x33, 0x20, 0x02,
  0xFF, 0xFF, 0xFF, 0xFF, 0xFD, 0x00, 0x2F, 0xFF, 0xFF, 0xFF, 0xFF, 0xD0, 0x02, 0xFF, 0x93, 0x33,
  0x33, 0x33, 0x00, 0x2F, 0xF7, 0x00, 0x00, 0x00, 0x00, 0x02, 0xFF, 0x70, 0x00, 0x00, 0x00, 0x00,
  0x2F, 0xF7, 0x00, 0x00, 0x00, 0x00, 0x02, 0xFF, 0x70, 0x00, 0x00, 0x00, 0x00, 0x2F, 0xF7, 0x00,
  0x00, 0x00, 0x00, 0x02, 0xFF, 0x70, 0x00, 0x00, 0x00, 0x00, 0x2F, 0xF7, 0x00, 0x00, 0x00, 0x00,
  0x02, 0xEE, 0x70, 0x00, 0x00, 0x00, 0x00, 0x00, 0x00, 0x00, 0x13, 0x42, 0x00, 0x00, 0x00, 0x00,
  0x05, 0xCF, 0xFF, 0xFE, 0x60, 0x00, 0x00, 0x0A, 0xFF, 0xFF, 0xFF, 0xFF, 0x90, 0x00, 0x09, 0xFF,
  0xF9, 0x31, 0x7F, 0xFF, 0x50, 0x03, 0xFF, 0xF7, 0x00, 0x00, 0x4F, 0xFD, 0x00, 0xBF, 0xFC, 0x00,
  0x00, 0x00, 0xBF, 0xF3, 0x0F, 0xFF, 0x60, 0x00, 0x00, 0x05, 0xFF, 0x74, 0xFF, 0xF0, 0x00, 0x00,
  0x00, 0x2F, 0xF9, 0x8F, 0xFC, 0x00, 0x00, 0x00, 0x01, 0xFF, 0xAA, 0xFF, 0xA0, 0x00, 0x00, 0x00,
  0x03, 0x21, 0xCF, 0xF8, 0x00, 0x00, 0x00, 0x00, 0x00, 0x0D, 0xFF, 0x70, 0x00, 0x00, 0x00, 0x00,
  0x00, 0xDF, 0xF6, 0x00, 0x00, 0x00, 0x00, 0x00, 0x0E, 0xFF, 0x60, 0x00, 0x00, 0x00, 0x00, 0x00,
  0xDF, 0xF6, 0x00, 0x00, 0x00, 0x00, 0x00, 0x0D, 0xFF, 0x70, 0x03, 0xFF, 0xEE, 0xEE, 0xE6, 0xBF,
  0xF8, 0x00, 0x4F, 0xFF, 0xFF, 0xFF, 0x69, 0xFF, 0xA0, 0x02, 0x85, 0x31, 0x5F, 0xF5, 0x6F, 0xFD,
  0x00, 0x00, 0x00, 0x06, 0xFF, 0x32, 0xFF, 0xF1, 0x00, 0x00, 0x00, 0x9F, 0xF0, 0x0D, 0xFF, 0x60,
  0x00, 0x00, 0x0E, 0xFB, 0x00, 0x6F, 0xFD, 0x00, 0x00, 0x04, 0xFF, 0x50, 0x00, 0xDF, 0xF8, 0x00,
  0x01, 0xDF, 0xD0, 0x00, 0x02, 0xEF, 0xFB, 0x67, 0xEF, 0xF3, 0x00, 0x00, 0x02, 0xCF, 0xFF, 0xFF,
  0xD3, 0x00, 0x00, 0x00, 0x00, 0x48, 0xAA, 0x60, 0x00, 0x00, 0x00, 0x00, 0x00, 0x00, 0x00, 0x00,
  0x00, 0x4D, 0xCC, 0x30, 0x00, 0x00, 0xCF, 0xFE, 0x4F, 0xFF, 0x30, 0x00, 0x00, 0xCF, 0xFD, 0x4F,
  0xFF, 0x20, 0x00, 0x00, 0xCF, 0xFC, 0x4F, 0xFF, 0x20, 0x00, 0x00, 0xCF, 0xFB, 0x4F, 0xFF, 0x10,
  0x00, 0x00, 0xDF, 0xFA, 0x3F, 0xFF, 0x00, 0x00, 0x00, 0xDF, 0xF8, 0x3F, 0xFF, 0x00, 0x00, 0x00,
  0xDF, 0xF7, 0x3F, 0xFF, 0x00, 0x00, 0x00, 0xDF, 0xF6, 0x3F, 0xFE, 0x00, 0x00, 0x00, 0xDF, 0xF5,
  0x2F, 0xFE, 0x00, 0x00, 0x00, 0xDF, 0xF4, 0x2F, 0xFD, 0x00, 0x00, 0x00, 0xDF, 0xF3, 0x2F, 0xFC,
  0x00, 0x00, 0x00, 0xDF, 0xF1, 0x2F, 0xFC, 0x00, 0x00, 0x00, 0xDF, 0xF0, 0x2F, 0xFB, 0x00, 0x00,
  0x00, 0xDF, 0xF0, 0x2F, 0xFD, 0x78, 0x88, 0x99, 0xFF, 0xF0, 0x2F, 0xFF, 0xFF, 0xFF, 0xFF, 0xFF,
  0xE0, 0x1F, 0xFF, 0xFF, 0xFF, 0xFF, 0xFF, 0xD0, 0x1F, 0xF9, 0x11, 0x11, 0x11, 0xFF, 0xC0, 0x1F,
  0xF8, 0x00, 0x00, 0x00, 0xFF, 0xC0, 0x1F, 0xF8, 0x00, 0x00, 0x00, 0xFF, 0xB0, 0x1F, 0xF8, 0x00,
  0x00, 0x00, 0xFF, 0xA0, 0x1F, 0xF8, 0x00, 0x00, 0x00, 0xFF, 0x90, 0x1F, 0xF8, 0x00, 0x00, 0x01,
  0xFF, 0x80, 0x1B, 0xA5, 0x00, 0x00, 0x01, 0xBB, 0x60, 0x03, 0x22, 0x22, 0x22, 0x22, 0xFF, 0xFF,
  0xFF, 0xFA, 0x1F, 0xFF, 0xFF, 0xFF, 0xA0, 0xB9, 0xFF, 0xF6, 0x00, 0x00, 0x0E, 0xFF, 0x40, 0x00,
  0x00, 0xEF, 0xF3, 0x00, 0x00, 0x0E, 0xFF, 0x20, 0x00, 0x00, 0xEF, 0xF1, 0x00, 0x00, 0x0E, 0xFF,
  0x00, 0x00, 0x00, 0xEF, 0xF0, 0x00, 0x00, 0x0E, 0xFE, 0x00, 0x00, 0x00, 0xEF, 0xD0, 0x00, 0x00,
  0x0E, 0xFB, 0x00, 0x00, 0x00, 0xFF, 0xB0, 0x00, 0x00, 0x0F, 0xFA, 0x00, 0x00, 0x00, 0xFF, 0x90,
  0x00, 0x00, 0x0F, 0xF8, 0x00, 0x00, 0x00, 0xFF, 0x70, 0x00, 0x00, 0x0F, 0xF6, 0x00, 0x00, 0x00,
  0xFF, 0x60, 0x00, 0x00, 0x0F, 0xF5, 0x00, 0x00, 0x01, 0xFF, 0x40, 0x00, 0x2D, 0xDF, 0xFD, 0xDE,
  0x03, 0xFF, 0xFF, 0xFF, 0xF0, 0x2B, 0xBB, 0xBB, 0xBB, 0x00, 0x00, 0x00, 0x00, 0x00, 0x00, 0x00,
  0x00, 0x00, 0x00, 0x00, 0x00, 0x00, 0x06, 0xBD, 0xF2, 0x00, 0x00, 0x00, 0x00, 0x00, 0x8F, 0xFF,
  0x30, 0x00, 0x00, 0x00, 0x00, 0x06, 0xFF, 0xF4, 0x00, 0x00, 0x00, 0x00, 0x00, 0x5F, 0xFF, 0x50,
  0x00, 0x00, 0x00, 0x00, 0x04, 0xFF, 0xF6, 0x00, 0x00, 0x00, 0x00, 0x00, 0x3F, 0xFF, 0x70, 0x00,
  0x00, 0x00, 0x00, 0x02, 0xFF, 0xF8, 0x00, 0x00, 0x00, 0x00, 0x00, 0x2F, 0xFF, 0x80, 0x00, 0x00,
  0x00, 0x00, 0x01, 0xFF, 0xF8, 0x00, 0x00, 0x00, 0x00, 0x00, 0x1F, 0xFF, 0x80, 0x00, 0x00, 0x00,
  0x00, 0x01, 0xFF, 0xF8, 0x00, 0x00, 0x00, 0x00, 0x00, 0x1F, 0xFF, 0x80, 0x00, 0x00, 0x00, 0x00,
  0x02, 0xFF, 0xF7, 0x00, 0x00, 0x00, 0x00, 0x00, 0x3F, 0xFF, 0x60, 0x00, 0x00, 0x00, 0x00, 0x04,
  0xFF, 0xF4, 0x24, 0x55, 0x00, 0x00, 0x00, 0x5F, 0xFF, 0x27, 0xFF, 0xF0, 0x00, 0x00, 0x07, 0xFF,
  0xF0, 0x6F, 0xFF, 0x10, 0x00, 0x00, 0x9F, 0xFD, 0x03, 0xFF, 0xF2, 0x00, 0x00, 0x0D, 0xFF, 0x90,
  0x0F, 0xFF, 0x40, 0x00, 0x01, 0xFF, 0xF4, 0x00, 0xBF, 0xF8, 0x00, 0x00, 0x8F, 0xFD, 0x00, 0x04,
  0xFF, 0xF2, 0x00, 0x3F, 0xFF, 0x50, 0x00, 0x09, 0xFF, 0xEA, 0xBF, 0xFF, 0x80, 0x00, 0x00, 0x08,
  0xFF, 0xFF, 0xFE, 0x60, 0x00, 0x00, 0x00, 0x01, 0x56, 0x63, 0x00, 0x00, 0x00, 0x3A, 0xAA, 0x90,
  0x00, 0x00, 0xAC, 0xBA, 0x15, 0xFF, 0xFC, 0x00, 0x00, 0x0F, 0xFF, 0xC0, 0x5F, 0xFF, 0xB0, 0x00,
  0x05, 0xFF, 0xF5, 0x05, 0xFF, 0xFA, 0x00, 0x00, 0xAF, 0xFD, 0x00, 0x4F, 0xFF, 0x80, 0x00, 0x0F,
  0xFF, 0x60, 0x04, 0xFF, 0xF7, 0x00, 0x06, 0xFF, 0xE0, 0x00, 0x4F, 0xFF, 0x60, 0x00, 0xCF, 0xF7,
  0x00, 0x03, 0xFF, 0xF5, 0x00, 0x3F, 0xFE, 0x00, 0x00, 0x3F, 0xFF, 0x40, 0x0B, 0xFF, 0x60, 0x00,
  0x03, 0xFF, 0xF3, 0x03, 0xFF, 0xC0, 0x00, 0x00, 0x3F, 0xFF, 0x20, 0xBF, 0xF2, 0x00, 0x00, 0x03,
  0xFF, 0xF1, 0x4F, 0xFB, 0x00, 0x00, 0x00, 0x2F, 0xFF, 0x0D, 0xFF, 0xF1, 0x00, 0x00, 0x02, 0xFF,
  0xF8, 0xFF, 0xDF, 0x70, 0x00, 0x00, 0x2F, 0xFF, 0xFF, 0x68, 0xFD, 0x00, 0x00, 0x02, 0xFF, 0xFF,
  0xA0, 0x4F, 0xF3, 0x00, 0x00, 0x2F, 0xFF, 0xC0, 0x00, 0xFF, 0x90, 0x00, 0x02, 0xFF, 0xE1, 0x00,
  0x0C, 0xFF, 0x00, 0x00, 0x2F, 0xFB, 0x00, 0x00, 0x8F, 0xF6, 0x00, 0x02, 0xFF, 0xB0, 0x00, 0x04,
  0xFF, 0xC0, 0x00, 0x3F, 0xFA, 0x00, 0x00, 0x1F, 0xFF, 0x20, 0x03, 0xFF, 0xA0, 0x00, 0x00, 0xCF,
  0xF9, 0x00, 0x3F, 0xF9, 0x00, 0x00, 0x09, 0xFF, 0xE0, 0x03, 0xFF, 0x90, 0x00, 0x00, 0x5F, 0xFF,
  0x50, 0x14, 0x42, 0x00, 0x00, 0x00, 0x22, 0x21, 0x00, 0x4D, 0xEE, 0x80, 0x00, 0x00, 0x00, 0x5F,
  0xFF, 0x80, 0x00, 0x00, 0x00, 0x5F, 0xFF, 0x70, 0x00, 0x00, 0x00, 0x4F, 0xFF, 0x60, 0x00, 0x00,
  0x00, 0x4F, 0xFF, 0x50, 0x00, 0x00, 0x00, 0x3F, 0xFF, 0x40, 0x00, 0x00, 0x00, 0x3F, 0xFF, 0x30,
  0x00, 0x00, 0x00, 0x3F, 0xFF, 0x30, 0x00, 0x00, 0x00, 0x2F, 0xFF, 0x20, 0x00, 0x00, 0x00, 0x2F,
  0xFF, 0x10, 0x00, 0x00, 0x00, 0x2F, 0xFF, 0x00, 0x00, 0x00, 0x00, 0x2F, 0xFF, 0x00, 0x00, 0x00,
  0x00, 0x2F, 0xFF, 0x00, 0x00, 0x00, 0x00, 0x1F, 0xFF, 0x00, 0x00, 0x00, 0x00, 0x1F, 0xFE, 0x00,
  0x00, 0x00, 0x00, 0x1F, 0xFD, 0x00, 0x00, 0x00, 0x00, 0x1F, 0xFD, 0x00, 0x00, 0x00, 0x00, 0x1F,
  0xFC, 0x00, 0x00, 0x00, 0x00, 0x1F, 0xFC, 0x00, 0x00, 0x00, 0x00, 0x1F, 0xFC, 0x00, 0x00, 0x00,
  0x00, 0x1F, 0xFB, 0x00, 0x00, 0x00, 0x00, 0x2F, 0xFE, 0xBA, 0xAA, 0xAB, 0xB3, 0x2F, 0xFF, 0xFF,
  0xFF, 0xFF, 0xF5, 0x2F, 0xFF, 0xFF, 0xFF, 0xEE, 0xD4, 0x02, 0x21, 0x10, 0x00, 0x00, 0x00, 0x00,
  0x01, 0x11, 0x11, 0x00, 0x00, 0x12, 0x22, 0x20, 0x00, 0xFF, 0xFF, 0xC0, 0x00, 0x0C, 0xFF, 0xFF,
  0x00, 0x1F, 0xFF, 0xFE, 0x00, 0x00, 0xEF, 0xFF, 0xF0, 0x02, 0xFF, 0xFF, 0xF0, 0x00, 0x0F, 0xFF,
  0xFF, 0x00, 0x4F, 0xFF, 0xFF, 0x20, 0x03, 0xFF, 0xFF, 0xF0, 0x05, 0xFF, 0xFF, 0xF5, 0x00, 0x5F,
  0xFF, 0xFF, 0x00, 0x7F, 0xFF, 0xFF, 0x70, 0x07, 0xFF, 0xFF, 0xF0, 0x08, 0xFF, 0xDF, 0xF9, 0x00,
  0x9F, 0xEE, 0xFF, 0x00, 0xAF, 0xF9, 0xFF, 0xB0, 0x0C, 0xFB, 0xCF, 0xF0, 0x0B, 0xFF, 0x6E, 0xFD,
  0x00, 0xEF, 0x9B, 0xFF, 0x00, 0xDF, 0xF4, 0xCF, 0xF0, 0x0F, 0xF6, 0xAF, 0xF0, 0x0E, 0xFF, 0x29,
  0xFF, 0x12, 0xFF, 0x38, 0xFF, 0x00, 0xFF, 0xF0, 0x7F, 0xF3, 0x5F, 0xF1, 0x7F, 0xF0, 0x1F, 0xFF,
  0x05, 0xFF, 0x57, 0xFE, 0x06, 0xFF, 0x02, 0xFF, 0xD0, 0x2F, 0xF7, 0x9F, 0xB0, 0x4F, 0xF0, 0x4F,
  0xFB, 0x00, 0xFF, 0x9B, 0xF9, 0x03, 0xFF, 0x05, 0xFF, 0x90, 0x0D, 0xFB, 0xEF, 0x60, 0x2F, 0xF0,
  0x7F, 0xF7, 0x00, 0xBF, 0xEF, 0xF3, 0x00, 0xFF, 0x08, 0xFF, 0x50, 0x09, 0xFF, 0xFF, 0x10, 0x0F,
  0xF0, 0xAF, 0xF3, 0x00, 0x6F, 0xFF, 0xE0, 0x00, 0xEF, 0x0B, 0xFF, 0x10, 0x04, 0xFF, 0xFB, 0x00,
  0x0C, 0xF0, 0xDF, 0xF0, 0x00, 0x1F, 0xFF, 0x90, 0x00, 0xBF, 0x0E, 0xFD, 0x00, 0x00, 0xFF, 0xF6,
  0x00, 0x0A, 0xF0, 0xFF, 0xB0, 0x00, 0x01, 0x22, 0x00, 0x00, 0x8F, 0x07, 0x85, 0x00, 0x00, 0x00,
  0x00, 0x00, 0x05, 0xB0, 0x38, 0x77, 0x20, 0x00, 0x00, 0x6B, 0xBB, 0x36, 0xFF, 0xF9, 0x00, 0x00,
  0x08, 0xFF, 0xF3, 0x6F, 0xFF, 0xE0, 0x00, 0x00, 0x8F, 0xFF, 0x15, 0xFF, 0xFF, 0x40, 0x00, 0x07,
  0xFF, 0xF0, 0x5F, 0xFF, 0xF9, 0x00, 0x00, 0x7F, 0xFE, 0x05, 0xFF, 0xFF, 0xE0, 0x00, 0x07, 0xFF,
  0xC0, 0x5F, 0xFF, 0xFF, 0x40, 0x00, 0x8F, 0xFB, 0x04, 0xFF, 0xFF, 0xF9, 0x00, 0x08, 0xFF, 0xA0,
  0x4F, 0xFE, 0xAF, 0xE0, 0x00, 0x8F, 0xF8, 0x04, 0xFF, 0xD4, 0xFF, 0x40, 0x08, 0xFF, 0x70, 0x4F,
  0xFD, 0x0E, 0xF9, 0x00, 0x8F, 0xF6, 0x03, 0xFF, 0xC0, 0x8F, 0xE0, 0x09, 0xFF, 0x50, 0x3F, 0xFB,
  0x02, 0xFF, 0x40, 0x9F, 0xF4, 0x03, 0xFF, 0xB0, 0x0C, 0xF9, 0x09, 0xFF, 0x30, 0x3F, 0xFA, 0x00,
  0x6F, 0xE0, 0xAF, 0xF2, 0x02, 0xFF, 0xA0, 0x01, 0xFF, 0x4A, 0xFF, 0x10, 0x2F, 0xF9, 0x00, 0x0A,
  0xF9, 0xBF, 0xF0, 0x02, 0xFF, 0x90, 0x00, 0x4F, 0xEC, 0xFF, 0x00, 0x2F, 0xF9, 0x00, 0x00, 0xEF,
  0xFF, 0xF0, 0x02, 0xFF, 0x80, 0x00, 0x08, 0xFF, 0xFE, 0x00, 0x2F, 0xF8, 0x00, 0x00, 0x2F, 0xFF,
  0xE0, 0x02, 0xFF, 0x80, 0x00, 0x00, 0xCF, 0xFD, 0x00, 0x2F, 0xF8, 0x00, 0x00, 0x06, 0xFF, 0xD0,
  0x02, 0xFF, 0x70, 0x00, 0x00, 0x1F, 0xFC, 0x00, 0x00, 0x00, 0x00, 0x00, 0x00, 0x00, 0x00, 0x00,
  0x00, 0x00, 0x28, 0xAB, 0x93, 0x00, 0x00, 0x00, 0x00, 0x8F, 0xFF, 0xFF, 0xFA, 0x00, 0x00, 0x00,
  0x7F, 0xFE, 0x88, 0xDF, 0xFB, 0x00, 0x00, 0x3F, 0xFE, 0x20, 0x00, 0xDF, 0xF5, 0x00, 0x0A, 0xFF,
  0x60, 0x00, 0x04, 0xFF, 0xD0, 0x01, 0xFF, 0xF0, 0x00, 0x00, 0x0D, 0xFF, 0x30, 0x5F, 0xFB, 0x00,
  0x00, 0x00, 0x9F, 0xF7, 0x08, 0xFF, 0x80, 0x00, 0x00, 0x06, 0xFF, 0xA0, 0xBF, 0xF5, 0x00, 0x00,
  0x00, 0x4F, 0xFC, 0x0D, 0xFF, 0x40, 0x00, 0x00, 0x03, 0xFF, 0xE0, 0xEF, 0xF3, 0x00, 0x00, 0x00,
  0x1F, 0xFF, 0x0E, 0xFF, 0x20, 0x00, 0x00, 0x01, 0xFF, 0xF0, 0xFF, 0xF2, 0x00, 0x00, 0x00, 0x1F,
  0xFF, 0x0E, 0xFF, 0x30, 0x00, 0x00, 0x01, 0xFF, 0xF0, 0xDF, 0xF4, 0x00, 0x00, 0x00, 0x2F, 0xFD,
  0x0C, 0xFF, 0x40, 0x00, 0x00, 0x03, 0xFF, 0xC0, 0xAF, 0xF5, 0x00, 0x00, 0x00, 0x5F, 0xFA, 0x07,
  0xFF, 0x70, 0x00, 0x00, 0x08, 0xFF, 0x60, 0x4F, 0xFA, 0x00, 0x00, 0x00, 0xAF, 0xF3, 0x01, 0xFF,
  0xD0, 0x00, 0x00, 0x0E, 0xFE, 0x00, 0x0B, 0xFF, 0x20, 0x00, 0x04, 0xFF, 0x80, 0x00, 0x6F, 0xF8,
  0x00, 0x00, 0xAF, 0xF2, 0x00, 0x00, 0xEF, 0xE1, 0x00, 0x3F, 0xF9, 0x00, 0x00, 0x05, 0xFF, 0xC4,
  0x5E, 0xFE, 0x10, 0x00, 0x00, 0x08, 0xFF, 0xFF, 0xFE, 0x20, 0x00, 0x00, 0x00, 0x05, 0xCF, 0xE9,
  0x10, 0x00, 0x00, 0x00, 0x47, 0x9A, 0xAA, 0x84, 0x00, 0x00, 0x03, 0xFF, 0xFF, 0xFF, 0xFF, 0xFE,
  0x50, 0x00, 0x4F, 0xFF, 0xB8, 0x7A, 0xFF, 0xFF, 0x70, 0x04, 0xFF, 0xF2, 0x00, 0x02, 0xDF, 0xFF,
  0x30, 0x3F, 0xFF, 0x10, 0x00, 0x01, 0xFF, 0xFB, 0x03, 0xFF, 0xF0, 0x00, 0x00, 0x09, 0xFF, 0xF1,
  0x2F, 0xFF, 0x00, 0x00, 0x00, 0x4F, 0xFF, 0x52, 0xFF, 0xE0, 0x00, 0x00, 0x01, 0xFF, 0xF6, 0x2F,
  0xFD, 0x00, 0x00, 0x00, 0x0F, 0xFF, 0x72, 0xFF, 0xC0, 0x00, 0x00, 0x02, 0xFF, 0xF6, 0x2F, 0xFB,
  0x00, 0x00, 0x00, 0x6F, 0xFF, 0x22, 0xFF, 0xA0, 0x00, 0x00, 0x0D, 0xFF, 0xC0, 0x2F, 0xF9, 0x00,
  0x00, 0x06, 0xFF, 0xF4, 0x02, 0xFF, 0x80, 0x00, 0x05, 0xFF, 0xF8, 0x00, 0x2F, 0xF7, 0x00, 0x2A,
  0xFF, 0xF7, 0x00, 0x02, 0xFF, 0xDC, 0xEF, 0xFF, 0xD4, 0x00, 0x00, 0x2F, 0xFF, 0xFF, 0xFA, 0x50,
  0x00, 0x00, 0x03, 0xFF, 0x83, 0x10, 0x00, 0x00, 0x00, 0x00, 0x3F, 0xF5, 0x00, 0x00, 0x00, 0x00,
  0x00, 0x03, 0xFF, 0x40, 0x00, 0x00, 0x00, 0x00, 0x00, 0x4F, 0xF3, 0x00, 0x00, 0x00, 0x00, 0x00,
  0x04, 0xFF, 0x30, 0x00, 0x00, 0x00, 0x00, 0x00, 0x5F, 0xF2, 0x00, 0x00, 0x00, 0x00, 0x00, 0x05,
  0xFF, 0x20, 0x00, 0x00, 0x00, 0x00, 0x00, 0x5F, 0xF2, 0x00, 0x00, 0x00, 0x00, 0x00, 0x00, 0x11,
  0x00, 0x00, 0x00, 0x00, 0x00, 0x00, 0x00, 0x00, 0x28, 0xAB, 0x93, 0x00, 0x00, 0x00, 0x00, 0x8F,
  0xFF, 0xFF, 0xFA, 0x00, 0x00, 0x00, 0x7F, 0xFE, 0x88, 0xDF, 0xFB, 0x00, 0x00, 0x3F, 0xFE, 0x20,
  0x00, 0xDF, 0xF5, 0x00, 0x0A, 0xFF, 0x60, 0x00, 0x04, 0xFF, 0xD0, 0x01, 0xFF, 0xF0, 0x00, 0x00,
  0x0D, 0xFF, 0x30, 0x5F, 0xFB, 0x00, 0x00, 0x00, 0x9F, 0xF7, 0x08, 0xFF, 0x80, 0x00, 0x00, 0x06,
  0xFF, 0xA0, 0xBF, 0xF5, 0x00, 0x00, 0x00, 0x4F, 0xFC, 0x0D, 0xFF, 0x40, 0x00, 0x00, 0x03, 0xFF,
  0xE0, 0xEF, 0xF3, 0x00, 0x00, 0x00, 0x1F, 0xFF, 0x0E, 0xFF, 0x20, 0x00, 0x00, 0x01, 0xFF, 0xF0,
  0xFF, 0xF2, 0x00, 0x00, 0x00, 0x1F, 0xFF, 0x0E, 0xFF, 0x30, 0x00, 0x00, 0x01, 0xFF, 0xF0, 0xDF,
  0xF4, 0x00, 0x00, 0x00, 0x2F, 0xFE, 0x0C, 0xFF, 0x40, 0x00, 0x00, 0x03, 0xFF, 0xC0, 0xAF, 0xF5,
  0x00, 0x00, 0x00, 0x5F, 0xFA, 0x07, 0xFF, 0x70, 0x00, 0x00, 0x08, 0xFF, 0x70, 0x4F, 0xFA, 0x00,
  0x00, 0x00, 0xAF, 0xF3, 0x01, 0xFF, 0xD0, 0x00, 0x00, 0x0E, 0xFE, 0x00, 0x0B, 0xFF, 0x20, 0x00,
  0x04, 0xFF, 0x90, 0x00, 0x6F, 0xF8, 0x00, 0x00, 0xAF, 0xF2, 0x00, 0x00, 0xEF, 0xE1, 0x00, 0x3F,
  0xF9, 0x00, 0x00, 0x05, 0xFF, 0xC4, 0x5E, 0xFD, 0x10, 0x00, 0x00, 0x08, 0xFF, 0xFF, 0xFE, 0x20,
  0x00, 0x00, 0x00, 0x05, 0xCF, 0xFF, 0x10, 0x00, 0x00, 0x00, 0x00, 0x00, 0x0B, 0xF5, 0x00, 0x00,
  0x00, 0x00, 0x00, 0x00, 0x7F, 0xE0, 0x00, 0x00, 0x00, 0x00, 0x00, 0x01, 0xFF, 0xB0, 0x00, 0x00,
  0x00, 0x00, 0x00, 0x09, 0xFF, 0xB0, 0x00, 0x00, 0x00, 0x00, 0x00, 0x1E, 0xFF, 0x50, 0x00, 0x00,
  0x00, 0x00, 0x00, 0x3E, 0x40, 0x00, 0x00, 0x00, 0x00, 0x00, 0x00, 0x00, 0x00, 0x00, 0x00, 0x47,
  0x9A, 0xAA, 0x84, 0x00, 0x00, 0x03, 0xFF, 0xFF, 0xFF, 0xFF, 0xFE, 0x50, 0x00, 0x4F, 0xFF, 0xB8,
  0x7A, 0xFF, 0xFF, 0x70, 0x04, 0xFF, 0xF2, 0x00, 0x02, 0xDF, 0xFF, 0x30, 0x3F, 0xFF, 0x10, 0x00,
  0x01, 0xFF, 0xFB, 0x03, 0xFF, 0xF0, 0x00, 0x00, 0x09, 0xFF, 0xF1, 0x2F, 0xFF, 0x00, 0x00, 0x00,
  0x4F, 0xFF, 0x52, 0xFF, 0xE0, 0x00, 0x00, 0x01, 0xFF, 0xF6, 0x2F, 0xFD, 0x00, 0x00, 0x00, 0x0F,
  0xFF, 0x72, 0xFF, 0xC0, 0x00, 0x00, 0x02, 0xFF, 0xF6, 0x2F, 0xFB, 0x00, 0x00, 0x00, 0x6F, 0xFF,
  0x22, 0xFF, 0xA0, 0x00, 0x00, 0x0D, 0xFF, 0xC0, 0x2F, 0xF9, 0x00, 0x00, 0x06, 0xFF, 0xF4, 0x02,
  0xFF, 0x80, 0x00, 0x05, 0xFF, 0xF8, 0x00, 0x2F, 0xF7, 0x00, 0x2A, 0xFF, 0xF8, 0x00, 0x02, 0xFF,
  0xDC, 0xEF, 0xFF, 0xD4, 0x00, 0x00, 0x2F, 0xFF, 0xFF, 0xFF, 0x50, 0x00, 0x00, 0x03, 0xFF, 0x83,
  0x3F, 0xF5, 0x00, 0x00, 0x00, 0x3F, 0xF5, 0x00, 0xBF, 0xD0, 0x00, 0x00, 0x03, 0xFF, 0x40, 0x05,
  0xFF, 0x40, 0x00, 0x00, 0x4F, 0xF3, 0x00, 0x0F, 0xFC, 0x00, 0x00, 0x04, 0xFF, 0x30, 0x00, 0xAF,
  0xF4, 0x00, 0x00, 0x5F, 0xF2, 0x00, 0x05, 0xFF, 0xD0, 0x00, 0x05, 0xFF, 0x20, 0x00, 0x0F, 0xFF,
  0x60, 0x00, 0x5F, 0xF2, 0x00, 0x00, 0x9F, 0xFD, 0x00, 0x00, 0x11, 0x00, 0x00, 0x01, 0x20, 0x00,
  0x00, 0x00, 0x00, 0x00, 0x35, 0x53, 0x00, 0x00, 0x00, 0x00, 0x01, 0x9F, 0xFF, 0xFF, 0xFA, 0x20,
  0x00, 0x00, 0x2E, 0xFF, 0xEA, 0xAE, 0xFF, 0xF5, 0x00, 0x00, 0xCF, 0xFC, 0x00, 0x00, 0xAF, 0xFF,
  0x20, 0x05, 0xFF, 0xF1, 0x00, 0x00, 0x0D, 0xFF, 0xA0, 0x0B, 0xFF, 0xA0, 0x00, 0x00, 0x07, 0xFF,
  0xE0, 0x0F, 0xFF, 0x50, 0x00, 0x00, 0x03, 0xFF, 0xF1, 0x1F, 0xFF, 0x30, 0x00, 0x00, 0x02, 0xFF,
  0xF1, 0x1F, 0xFF, 0x30, 0x00, 0x00, 0x03, 0xFF, 0xF0, 0x0F, 0xFF, 0x50, 0x00, 0x00, 0x06, 0xFF,
  0xC0, 0x0B, 0xFF, 0xC0, 0x00, 0x00, 0x00, 0x24, 0x30, 0x03, 0xFF, 0xF5, 0x00, 0x00, 0x00, 0x00,
  0x00, 0x00, 0x9F, 0xFF, 0x30, 0x00, 0x00, 0x00, 0x00, 0x00, 0x09, 0xFF, 0xF5, 0x00, 0x00, 0x00,
  0x00, 0x00, 0x00, 0x8F, 0xFF, 0x90, 0x00, 0x00, 0x00, 0x00, 0x00, 0x04, 0xEF, 0xFD, 0x30, 0x00,
  0x00, 0x00, 0x00, 0x00, 0x1A, 0xFF, 0xF6, 0x00, 0x00, 0x00, 0x00, 0x00, 0x00, 0x7F, 0xFF, 0x60,
  0x00, 0x00, 0x00, 0x00, 0x00, 0x04, 0xFF, 0xF3, 0x00, 0x05, 0x55, 0x10, 0x00, 0x00, 0x8F, 0xFB,
  0x00, 0x0C, 0xFF, 0x40, 0x00, 0x00, 0x1F, 0xFF, 0x00, 0x09, 0xFF, 0x60, 0x00, 0x00, 0x0F, 0xFF,
  0x00, 0x04, 0xFF, 0xC0, 0x00, 0x00, 0x2F, 0xFE, 0x00, 0x00, 0xBF, 0xF6, 0x00, 0x00, 0xCF, 0xF9,
  0x00, 0x00, 0x1C, 0xFF, 0xB8, 0x9E, 0xFF, 0xD1, 0x00, 0x00, 0x00, 0x7E, 0xFF, 0xFF, 0xF9, 0x10,
  0x00, 0x00, 0x00, 0x00, 0x24, 0x43, 0x00, 0x00, 0x00, 0x8C, 0xCC, 0xCC, 0xCC, 0xCC, 0xBB, 0x0A,
  0xFF, 0xFF, 0xFF, 0xFF, 0xFF, 0xF0, 0x59, 0x99, 0xCF, 0xD9, 0x99, 0x98, 0x00, 0x00, 0x08, 0xFA,
  0x00, 0x00, 0x00, 0x00, 0x00, 0x8F, 0xA0, 0x00, 0x00, 0x00, 0x00, 0x08, 0xFA, 0x00, 0x00, 0x00,
  0x00, 0x00, 0x8F, 0xA0, 0x00, 0x00, 0x00, 0x00, 0x08, 0xFA, 0x00, 0x00, 0x00, 0x00, 0x00, 0x8F,
  0xA0, 0x00, 0x00, 0x00, 0x00, 0x08, 0xFA, 0x00, 0x00, 0x00, 0x00, 0x00, 0x8F, 0xA0, 0x00, 0x00,
  0x00, 0x00, 0x08, 0xFA, 0x00, 0x00, 0x00, 0x00, 0x00, 0x8F, 0xA0, 0x00, 0x00, 0x00, 0x00, 0x08,
  0xFA, 0x00, 0x00, 0x00, 0x00, 0x00, 0x8F, 0xA0, 0x00, 0x00, 0x00, 0x00, 0x08, 0xFA, 0x00, 0x00,
  0x00, 0x00, 0x00, 0x8F, 0xA0, 0x00, 0x00, 0x00, 0x00, 0x08, 0xFA, 0x00, 0x00, 0x00, 0x00, 0x00,
  0x8F, 0xA0, 0x00, 0x00, 0x00, 0x00, 0x08, 0xFA, 0x00, 0x00, 0x00, 0x00, 0x00, 0x8F, 0xA0, 0x00,
  0x00, 0x00, 0x00, 0x08, 0xFA, 0x00, 0x00, 0x00, 0x00, 0x00, 0x8F, 0xA0, 0x00, 0x00, 0x00, 0x00,
  0x07, 0xD8, 0x00, 0x00, 0x00, 0x00, 0x00, 0x00, 0x00, 0x00, 0x00, 0x21, 0x03, 0xFD, 0xB3, 0x00,
  0x02, 0xEF, 0xF6, 0x06, 0xFF, 0xF2, 0x00, 0x01, 0xFF, 0xF8, 0x0A, 0xFF, 0xF0, 0x00, 0x00, 0xFF,
  0xF9, 0x0D, 0xFF, 0xC0, 0x00, 0x00, 0xDF, 0xFA, 0x0F, 0xFF, 0x90, 0x00, 0x00, 0xCF, 0xFB, 0x2F,
  0xFF, 0x70, 0x00, 0x00, 0xCF, 0xFB, 0x4F, 0xFF, 0x50, 0x00, 0x00, 0xBF, 0xFC, 0x6F, 0xFF, 0x30,
  0x00, 0x00, 0xAF, 0xFC, 0x7F, 0xFF, 0x10, 0x00, 0x00, 0xAF, 0xFC, 0x8F, 0xFF, 0x00, 0x00, 0x00,
  0xAF, 0xFC, 0x9F, 0xFE, 0x00, 0x00, 0x00, 0xAF, 0xFC, 0xAF, 0xFD, 0x00, 0x00, 0x00, 0xAF, 0xFB,
  0xBF, 0xFC, 0x00, 0x00, 0x00, 0xAF, 0xFB, 0xBF, 0xFB, 0x00, 0x00, 0x00, 0xAF, 0xFA, 0xBF, 0xFB,
  0x00, 0x00, 0x00, 0xBF, 0xF8, 0xAF, 0xFB, 0x00, 0x00, 0x00, 0xBF, 0xF6, 0x9F, 0xFC, 0x00, 0x00,
  0x00, 0xDF, 0xF4, 0x7F, 0xFC, 0x00, 0x00, 0x00, 0xFF, 0xF0, 0x4F, 0xFE, 0x00, 0x00, 0x03, 0xFF,
  0xD0, 0x1F, 0xFF, 0x00, 0x00, 0x08, 0xFF, 0x80, 0x0C, 0xFF, 0x50, 0x00, 0x1E, 0xFF, 0x10, 0x04,
  0xFF, 0xD1, 0x01, 0xCF, 0xF8, 0x00, 0x00, 0x9F, 0xFF, 0xEF, 0xFF, 0xB0, 0x00, 0x00, 0x07, 0xEF,
  0xFF, 0xD6, 0x00, 0x00, 0x00, 0x00, 0x01, 0x21, 0x00, 0x00, 0x00, 0x7B, 0xA4, 0x00, 0x00, 0x00,
  0x06, 0xBB, 0x97, 0xFF, 0x80, 0x00, 0x00, 0x00, 0xBF, 0xF8, 0x4F, 0xFB, 0x00, 0x00, 0x00, 0x0E,
  0xFF, 0x50, 0xFF, 0xE0, 0x00, 0x00, 0x01, 0xFF, 0xF1, 0x0C, 0xFF, 0x10, 0x00, 0x00, 0x4F, 0xFD,
  0x00, 0x8F, 0xF4, 0x00, 0x00, 0x07, 0xFF, 0x90, 0x05, 0xFF, 0x70, 0x00, 0x00, 0xAF, 0xF5, 0x00,
  0x1F, 0xFA, 0x00, 0x00, 0x0D, 0xFF, 0x10, 0x00, 0xEF, 0xD0, 0x00, 0x00, 0xFF, 0xD0, 0x00, 0x0B,
  0xFF, 0x00, 0x00, 0x3F, 0xF9, 0x00, 0x00, 0x7F, 0xF3, 0x00, 0x06, 0xFF, 0x50, 0x00, 0x04, 0xFF,
  0x70, 0x00, 0xAF, 0xF1, 0x00, 0x00, 0x1F, 0xFA, 0x00, 0x0D, 0xFE, 0x00, 0x00, 0x00, 0xEF, 0xD0,
  0x00, 0xFF, 0xA0, 0x00, 0x00, 0x0A, 0xFF, 0x10, 0x3F, 0xF7, 0x00, 0x00, 0x00, 0x7F, 0xF4, 0x07,
  0xFF, 0x40, 0x00, 0x00, 0x04, 0xFF, 0x80, 0xAF, 0xF0, 0x00, 0x00, 0x00, 0x1F, 0xFB, 0x0D, 0xFD,
  0x00, 0x00, 0x00, 0x00, 0xDF, 0xE1, 0xFF, 0x90, 0x00, 0x00, 0x00, 0x0A, 0xFF, 0x6F, 0xF6, 0x00,
  0x00, 0x00, 0x00, 0x7F, 0xFD, 0xFF, 0x30, 0x00, 0x00, 0x00, 0x04, 0xFF, 0xFF, 0xF0, 0x00, 0x00,
  0x00, 0x00, 0x1F, 0xFF, 0xFC, 0x00, 0x00, 0x00, 0x00, 0x00, 0xCE, 0xEE, 0x80, 0x00, 0x00, 0x00,
  0x00, 0x00, 0x00, 0x00, 0x00, 0x00, 0x04, 0x44, 0x13, 0xEE, 0xE1, 0x00, 0x00, 0x00, 0x00, 0x01,
  0xFF, 0xF4, 0x2F, 0xFF, 0x20, 0x01, 0x99, 0x90, 0x00, 0x2F, 0xFF, 0x30, 0xFF, 0xF3, 0x00, 0x3F,
  0xFF, 0x30, 0x03, 0xFF, 0xF1, 0x0E, 0xFF, 0x40, 0x05, 0xFF, 0xF5, 0x00, 0x4F, 0xFF, 0x00, 0xCF,
  0xF5, 0x00, 0x7F, 0xFF, 0x80, 0x05, 0xFF, 0xD0, 0x0A, 0xFF, 0x60, 0x09, 0xFF, 0xFA, 0x00, 0x5F,
  0xFB, 0x00, 0x8F, 0xF8, 0x00, 0xBF, 0xCF, 0xC0, 0x06, 0xFF, 0xA0, 0x07, 0xFF, 0x90, 0x0D, 0xF8,
  0xFF, 0x00, 0x7F, 0xF8, 0x00, 0x5F, 0xFA, 0x00, 0xFF, 0x4F, 0xF1, 0x08, 0xFF, 0x60, 0x03, 0xFF,
  0xB0, 0x1F, 0xF1, 0xFF, 0x30, 0x9F, 0xF4, 0x00, 0x1F, 0xFC, 0x03, 0xFF, 0x0C, 0xF5, 0x0A, 0xFF,
  0x30, 0x00, 0xFF, 0xD0, 0x5F, 0xD0, 0xAF, 0x80, 0xBF, 0xF1, 0x00, 0x0D, 0xFF, 0x07, 0xFC, 0x08,
  0xFA, 0x0C, 0xFF, 0x00, 0x00, 0xBF, 0xF0, 0x8F, 0xA0, 0x5F, 0xC0, 0xDF, 0xD0, 0x00, 0x09, 0xFF,
  0x1A, 0xF8, 0x03, 0xFF, 0x0E, 0xFB, 0x00, 0x00, 0x7F, 0xF2, 0xCF, 0x60, 0x1F, 0xF1, 0xEF, 0xA0,
  0x00, 0x05, 0xFF, 0x3E, 0xF4, 0x00, 0xFF, 0x3F, 0xF8, 0x00, 0x00, 0x3F, 0xF5, 0xFF, 0x30, 0x0C,
  0xF6, 0xFF, 0x60, 0x00, 0x02, 0xFF, 0x8F, 0xF1, 0x00, 0xAF, 0xAF, 0xF4, 0x00, 0x00, 0x0F, 0xFB,
  0xFF, 0x00, 0x08, 0xFD, 0xFF, 0x20, 0x00, 0x00, 0xEF, 0xEF, 0xD0, 0x00, 0x5F, 0xFF, 0xF1, 0x00,
  0x00, 0x0C, 0xFF, 0xFB, 0x00, 0x03, 0xFF, 0xFF, 0x00, 0x00, 0x00, 0xAF, 0xFF, 0xA0, 0x00, 0x1F,
  0xFF, 0xD0, 0x00, 0x00, 0x06, 0xCC, 0xC6, 0x00, 0x00, 0xCD, 0xD9, 0x00, 0x00, 0x5A, 0xAB, 0x30,
  0x00, 0x00, 0x5F, 0xEE, 0x93, 0xFF, 0xFA, 0x00, 0x00, 0x0C, 0xFF, 0xF3, 0x0C, 0xFF, 0xF0, 0x00,
  0x03, 0xFF, 0xFA, 0x00, 0x5F, 0xFF, 0x60, 0x00, 0xAF, 0xFF, 0x20, 0x00, 0xDF, 0xFC, 0x00, 0x1F,
  0xFF, 0x90, 0x00, 0x07, 0xFF, 0xF2, 0x08, 0xFF, 0xF1, 0x00, 0x00, 0x0F, 0xFF, 0x80, 0xEF, 0xF8,
  0x00, 0x00, 0x00, 0x8F, 0xFE, 0x7F, 0xFE, 0x00, 0x00, 0x00, 0x01, 0xFF, 0xFF, 0xFF, 0x70, 0x00,
  0x00, 0x00, 0x0A, 0xFF, 0xFF, 0xE0, 0x00, 0x00, 0x00, 0x00, 0x3F, 0xFF, 0xF6, 0x00, 0x00, 0x00,
  0x00, 0x00, 0xCF, 0xFD, 0x00, 0x00, 0x00, 0x00, 0x00, 0x0A, 0xFF, 0xD0, 0x00, 0x00, 0x00, 0x00,
  0x02, 0xFF, 0xFF, 0x40, 0x00, 0x00, 0x00, 0x00, 0x9F, 0xFF, 0xFA, 0x00, 0x00, 0x00, 0x00, 0x1F,
  0xFD, 0xFF, 0xF1, 0x00, 0x00, 0x00, 0x08, 0xFF, 0x49, 0xFF, 0x70, 0x00, 0x00, 0x00, 0xFF, 0xC0,
  0x2F, 0xFD, 0x00, 0x00, 0x00, 0x7F, 0xF4, 0x00, 0xBF, 0xF3, 0x00, 0x00, 0x0E, 0xFC, 0x00, 0x04,
  0xFF, 0xA0, 0x00, 0x06, 0xFF, 0x40, 0x00, 0x0D, 0xFF, 0x10, 0x00, 0xDF, 0xC0, 0x00, 0x00, 0x7F,
  0xF7, 0x00, 0x5F, 0xF4, 0x00, 0x00, 0x01, 0xFF, 0xE0, 0x0C, 0xFC, 0x00, 0x00, 0x00, 0x09, 0xFF,
  0x40, 0x01, 0x00, 0x00, 0x00, 0x00, 0x13, 0x10, 0x00, 0x9B, 0xCC, 0x00, 0x00, 0x00, 0x0E, 0xFF,
  0x99, 0xFF, 0xF2, 0x00, 0x00, 0x04, 0xFF, 0xF4, 0x3F, 0xFF, 0x60, 0x00, 0x00, 0x9F, 0xFE, 0x00,
  0xEF, 0xFA, 0x00, 0x00, 0x0D, 0xFF, 0x90, 0x08, 0xFF, 0xE0, 0x00, 0x01, 0xFF, 0xF3, 0x00, 0x3F,
  0xFF, 0x10, 0x00, 0x5F, 0xFD, 0x00, 0x00, 0xDF, 0xF5, 0x00, 0x09, 0xFF, 0x70, 0x00, 0x07, 0xFF,
  0x90, 0x00, 0xEF, 0xF2, 0x00, 0x00, 0x1F, 0xFE, 0x00, 0x3F, 0xFB, 0x00, 0x00, 0x00, 0xBF, 0xF2,
  0x07, 0xFF, 0x50, 0x00, 0x00, 0x04, 0xFF, 0x60, 0xCF, 0xE0, 0x00, 0x00, 0x00, 0x0D, 0xFB, 0x1F,
  0xF8, 0x00, 0x00, 0x00, 0x00, 0x7F, 0xF6, 0xFF, 0x20, 0x00, 0x00, 0x00, 0x01, 0xFF, 0xEF, 0xB0,
  0x00, 0x00, 0x00, 0x00, 0x0A, 0xFF, 0xF5, 0x00, 0x00, 0x00, 0x00, 0x00, 0x4F, 0xFF, 0x00, 0x00,
  0x00, 0x00, 0x00, 0x02, 0xFF, 0xE0, 0x00, 0x00, 0x00, 0x00, 0x00, 0x2F, 0xFD, 0x00, 0x00, 0x00,
  0x00, 0x00, 0x01, 0xFF, 0xC0, 0x00, 0x00, 0x00, 0x00, 0x00, 0x1F, 0xFB, 0x00, 0x00, 0x00, 0x00,
  0x00, 0x00, 0xFF, 0xA0, 0x00, 0x00, 0x00, 0x00, 0x00, 0x0F, 0xF9, 0x00, 0x00, 0x00, 0x00, 0x00,
  0x00, 0xFF, 0x80, 0x00, 0x00, 0x00, 0x00, 0x00, 0x0F, 0xF7, 0x00, 0x00, 0x00, 0x00, 0x00, 0x00,
  0x01, 0x00, 0x00, 0x00, 0x00, 0x0E, 0xFF, 0xFF, 0xFF, 0xFF, 0xFF, 0xFE, 0x0E, 0xFF, 0xFF, 0xFF,
  0xFF, 0xFF, 0xFD, 0x0D, 0xFE, 0xDC, 0xCB, 0xBA, 0xDF, 0xFC, 0x00, 0x00, 0x00, 0x00, 0x00, 0xCF,
  0xF5, 0x00, 0x00, 0x00, 0x00, 0x04, 0xFF, 0xC0, 0x00, 0x00, 0x00, 0x00, 0x0C, 0xFF, 0x30, 0x00,
  0x00, 0x00, 0x00, 0x4F, 0xFA, 0x00, 0x00, 0x00, 0x00, 0x00, 0xCF, 0xF2, 0x00, 0x00, 0x00, 0x00,
  0x05, 0xFF, 0x90, 0x00, 0x00, 0x00, 0x00, 0x0D, 0xFF, 0x10, 0x00, 0x00, 0x00, 0x00, 0x6F, 0xF9,
  0x00, 0x00, 0x00, 0x00, 0x00, 0xEF, 0xF1, 0x00, 0x00, 0x00, 0x00, 0x07, 0xFF, 0x80, 0x00, 0x00,
  0x00, 0x00, 0x1F, 0xFF, 0x10, 0x00, 0x00, 0x00, 0x00, 0x9F, 0xF9, 0x00, 0x00, 0x00, 0x00, 0x02,
  0xFF, 0xF1, 0x00, 0x00, 0x00, 0x00, 0x0B, 0xFF, 0x90, 0x00, 0x00, 0x00, 0x00, 0x3F, 0xFF, 0x20,
  0x00, 0x00, 0x00, 0x00, 0xCF, 0xFA, 0x00, 0x00, 0x00, 0x00, 0x05, 0xFF, 0xF2, 0x00, 0x00, 0x00,
  0x00, 0x0D, 0xFF, 0xA0, 0x00, 0x00, 0x00, 0x00, 0x7F, 0xFF, 0xC9, 0x98, 0x88, 0x77, 0x50, 0x9F,
  0xFF, 0xFF, 0xFF, 0xFF, 0xFF, 0xC0, 0x7F, 0xFF, 0xFF, 0xFF, 0xFF, 0xFF, 0xC0, 0x04, 0x66, 0x66,
  0x66, 0x00, 0xBF, 0xFF, 0xFF, 0xF0, 0x0B, 0xFC, 0xBB, 0xBA, 0x00, 0xCF, 0x50, 0x00, 0x00, 0x0C,
  0xF5, 0x00, 0x00, 0x00, 0xCF, 0x50, 0x00, 0x00, 0x0C, 0xF5, 0x00, 0x00, 0x00, 0xDF, 0x50, 0x00,
  0x00, 0x0D, 0xF5, 0x00, 0x00, 0x00, 0xDF, 0x50, 0x00, 0x00, 0x0D, 0xF5, 0x00, 0x00, 0x00, 0xEF,
  0x50, 0x00, 0x00, 0x0E, 0xF5, 0x00, 0x00, 0x00, 0xEF, 0x50, 0x00, 0x00, 0x0E, 0xF5, 0x00, 0x00,
  0x00, 0xEF, 0x50, 0x00, 0x00, 0x0F, 0xF5, 0x00, 0x00, 0x00, 0xFF, 0x50, 0x00, 0x00, 0x0F, 0xF5,
  0x00, 0x00, 0x00, 0xFF, 0x50, 0x00, 0x00, 0x0F, 0xF5, 0x00, 0x00, 0x00, 0xFF, 0x50, 0x00, 0x00,
  0x0F, 0xF5, 0x00, 0x00, 0x00, 0xFF, 0x50, 0x00, 0x00, 0x0F, 0xF5, 0x00, 0x00, 0x01, 0xFF, 0x50,
  0x00, 0x00, 0x1F, 0xF5, 0x00, 0x00, 0x01, 0xFF, 0x50, 0x00, 0x00, 0x1F, 0xF5, 0x00, 0x00, 0x02,
  0xFF, 0xFF, 0xFF, 0x60, 0x2F, 0xFF, 0xFF, 0xF6, 0x00, 0x66, 0x55, 0x55, 0x10, 0x00, 0x01, 0x00,
  0x00, 0x00, 0x00, 0x03, 0xCF, 0xD0, 0x00, 0x00, 0x00, 0x00, 0x0E, 0xFF, 0x30, 0x00, 0x00, 0x00,
  0x00, 0x8F, 0xF9, 0x00, 0x00, 0x00, 0x00, 0x01, 0xFF, 0xF0, 0x00, 0x00, 0x00, 0x00, 0x0A, 0xFF,
  0x60, 0x00, 0x00, 0x00, 0x00, 0x3F, 0xFC, 0x00, 0x00, 0x00, 0x00, 0x00, 0xCF, 0xF2, 0x00, 0x00,
  0x00, 0x00, 0x05, 0xFF, 0x80, 0x00, 0x00, 0x00, 0x00, 0x0E, 0xFE, 0x00, 0x00, 0x00, 0x00, 0x00,
  0x7F, 0xF5, 0x00, 0x00, 0x00, 0x00, 0x01, 0xFF, 0xB0, 0x00, 0x00, 0x00, 0x00, 0x09, 0xFF, 0x20,
  0x00, 0x00, 0x00, 0x00, 0x3F, 0xF8, 0x00, 0x00, 0x00, 0x00, 0x00, 0xCF, 0xE0, 0x00, 0x00, 0x00,
  0x00, 0x05, 0xFF, 0x40, 0x00, 0x00, 0x00, 0x00, 0x0E, 0xFA, 0x00, 0x00, 0x00, 0x00, 0x00, 0x7F,
  0xF1, 0x00, 0x00, 0x00, 0x00, 0x01, 0xFF, 0x70, 0x00, 0x00, 0x00, 0x00, 0x09, 0xFD, 0x00, 0x00,
  0x00, 0x00, 0x00, 0x2F, 0xF4, 0x00, 0x00, 0x00, 0x00, 0x00, 0xBF, 0xA0, 0x00, 0x00, 0x00, 0x00,
  0x04, 0xFF, 0x10, 0x00, 0x00, 0x00, 0x00, 0x0D, 0xF6, 0x00, 0x00, 0x00, 0x00, 0x00, 0x6F, 0xA0,
  0x00, 0x00, 0x00, 0x00, 0x00, 0x10, 0x22, 0x22, 0x22, 0x10, 0xFF, 0xFF, 0xFF, 0xC0, 0xDE, 0xEE,
  0xFF, 0xC0, 0x00, 0x00, 0xCF, 0xD0, 0x00, 0x00, 0xCF, 0xD0, 0x00, 0x00, 0xCF, 0xD0, 0x00, 0x00,
  0xCF, 0xD0, 0x00, 0x00, 0xCF, 0xD0, 0x00, 0x00, 0xCF, 0xE0, 0x00, 0x00, 0xCF, 0xE0, 0x00, 0x00,
  0xCF, 0xE0, 0x00, 0x00, 0xCF, 0xE0, 0x00, 0x00, 0xCF, 0xF0, 0x00, 0x00, 0xCF, 0xF0, 0x00, 0x00,
  0xCF, 0xF0, 0x00, 0x00, 0xCF, 0xF0, 0x00, 0x00, 0xCF, 0xF0, 0x00, 0x00, 0xCF, 0xF0, 0x00, 0x00,
  0xCF, 0xF0, 0x00, 0x00, 0xCF, 0xF0, 0x00, 0x00, 0xCF, 0xF0, 0x00, 0x00, 0xCF, 0xF1, 0x00, 0x00,
  0xCF, 0xF1, 0x00, 0x00, 0xCF, 0xF1, 0x00, 0x00, 0xCF, 0xF1, 0x00, 0x00, 0xCF, 0xF1, 0x00, 0x00,
  0xCF, 0xF2, 0x00, 0x00, 0xCF, 0xF2, 0x00, 0x00, 0xCF, 0xF2, 0x4C, 0xCC, 0xFF, 0xF2, 0x5F, 0xFF,
  0xFF, 0xF3, 0x15, 0x55, 0x56, 0x61, 0x00, 0x8E, 0x80, 0x00, 0x0E, 0xFE, 0x00, 0x05, 0xFF, 0xF4,
  0x00, 0xBF, 0x8F, 0xA0, 0x1F, 0xE0, 0xFF, 0x17, 0xFA, 0x0A, 0xF6, 0xDF, 0x60, 0x5F, 0xC1, 0x71,
  0x01, 0x62, 0x38, 0x88, 0x88, 0x88, 0x88, 0x83, 0x7F, 0xFF, 0xFF, 0xFF, 0xFF, 0xF6, 0x6F, 0xFF,
  0xFF, 0xFF, 0xFF, 0xF5, 0x01, 0x00, 0x00, 0x01, 0xDC, 0x00, 0x00, 0xBF, 0xFB, 0x00, 0x00, 0x9F,
  0xFB, 0x00, 0x00, 0x5F, 0xFA, 0x00, 0x00, 0x2C, 0xC1, 0x00, 0x00, 0x00, 0x00, 0x00, 0x00, 0x00,
  0x57, 0x64, 0x00, 0x00, 0x00, 0x00, 0x09, 0xFF, 0xFF, 0xFF, 0x80, 0x00, 0x00, 0x1D, 0xFF, 0xFE,
  0xEF, 0xFF, 0xB0, 0x00, 0x0B, 0xFF, 0xD3, 0x00, 0x2C, 0xFF, 0x70, 0x04, 0xFF, 0xE1, 0x00, 0x00,
  0x0E, 0xFE, 0x00, 0x8F, 0xF7, 0x00, 0x00, 0x00, 0x6F, 0xF3, 0x00, 0x38, 0x20, 0x00, 0x00, 0x02,
  0xFF, 0x60, 0x00, 0x00, 0x00, 0x00, 0x00, 0x0F, 0xF9, 0x00, 0x00, 0x38, 0xAB, 0x94, 0x00, 0xEF,
  0xA0, 0x02, 0xCF, 0xFF, 0xFF, 0xFE, 0x6E, 0xFA, 0x02, 0xEF, 0xFF, 0xBB, 0xEF, 0xFF, 0xFF, 0xA0,
  0xBF, 0xF9, 0x00, 0x00, 0x4C, 0xFF, 0xFA, 0x2F, 0xFD, 0x00, 0x00, 0x00, 0x07, 0xFF, 0x95, 0xFF,
  0x80, 0x00, 0x00, 0x00, 0x0D, 0xF9, 0x6F, 0xF7, 0x00, 0x00, 0x00, 0x02, 0xFF, 0x83, 0xFF, 0xC0,
  0x00, 0x00, 0x05, 0xEF, 0xF7, 0x0D, 0xFF, 0xB2, 0x01, 0x4B, 0xFF, 0xFF, 0x60, 0x4F, 0xFF, 0xFF,
  0xFF, 0xFF, 0x9F, 0xF5, 0x00, 0x3C, 0xFF, 0xFF, 0xFC, 0x50, 0xFF, 0x40, 0x00, 0x02, 0x57, 0x52,
  0x00, 0x00, 0x00, 0x3F, 0xF7, 0x00, 0x00, 0x00, 0x00, 0x00, 0x00, 0x3F, 0xF6, 0x00, 0x00, 0x00,
  0x00, 0x00, 0x00, 0x4F, 0xF6, 0x00, 0x00, 0x00, 0x00, 0x00, 0x00, 0x4F, 0xF5, 0x00, 0x00, 0x00,
  0x00, 0x00, 0x00, 0x4F, 0xF4, 0x00, 0x00, 0x00, 0x00, 0x00, 0x00, 0x5F, 0xF3, 0x00, 0x59, 0xB9,
  0x61, 0x00, 0x00, 0x5F, 0xF3, 0x3D, 0xFF, 0xFF, 0xFF, 0x60, 0x00, 0x5F, 0xF5, 0xFF, 0xFF, 0xFF,
  0xFF, 0xF7, 0x00, 0x6F, 0xFF, 0xFF, 0x81, 0x02, 0xAF, 0xFF, 0x20, 0x6F, 0xFF, 0xF4, 0x00, 0x00,
  0x0A, 0xFF, 0x80, 0x7F, 0xFF, 0x70, 0x00, 0x00, 0x01, 0xFF, 0xD0, 0x7F, 0xFD, 0x00, 0x00, 0x00,
  0x00, 0xBF, 0xF0, 0x7F, 0xF6, 0x00, 0x00, 0x00, 0x00, 0x8F, 0xF2, 0x8F, 0xF2, 0x00, 0x00, 0x00,
  0x00, 0x6F, 0xF3, 0x8F, 0xF0, 0x00, 0x00, 0x00, 0x00, 0x5F, 0xF2, 0x7F, 0xF0, 0x00, 0x00, 0x00,
  0x00, 0x5F, 0xF1, 0x6F, 0xF0, 0x00, 0x00, 0x00, 0x00, 0x6F, 0xF0, 0x5F, 0xF2, 0x00, 0x00, 0x00,
  0x00, 0x9F, 0xC0, 0x2F, 0xF5, 0x00, 0x00, 0x00, 0x00, 0xDF, 0x90, 0x0E, 0xFA, 0x00, 0x00, 0x00,
  0x04, 0xFF, 0x30, 0x09, 0xFF, 0x40, 0x00, 0x00, 0x1E, 0xFD, 0x00, 0x01, 0xFF, 0xF8, 0x31, 0x16,
  0xEF, 0xF4, 0x00, 0x00, 0x5F, 0xFF, 0xFF, 0xFF, 0xFF, 0x70, 0x00, 0x00, 0x03, 0xCF, 0xFF, 0xFF,
  0xD4, 0x00, 0x00, 0x00, 0x00, 0x01, 0x45, 0x52, 0x00, 0x00, 0x00, 0x00, 0x00, 0x01, 0x57, 0x75,
  0x10, 0x00, 0x00, 0x00, 0x00, 0x9F, 0xFF, 0xFF, 0xFA, 0x10, 0x00, 0x00, 0x0D, 0xFF, 0xFE, 0xFF,
  0xFF, 0xE2, 0x00, 0x00, 0xAF, 0xFA, 0x10, 0x03, 0xBF, 0xFC, 0x00, 0x03, 0xFF, 0xA0, 0x00, 0x00,
  0x08, 0xFF, 0x50, 0x08, 0xFF, 0x10, 0x00, 0x00, 0x00, 0xDF, 0xB0, 0x0D, 0xFC, 0x00, 0x00, 0x00,
  0x00, 0x7F, 0xF0, 0x0F, 0xF9, 0x00, 0x00, 0x00, 0x00, 0x3B, 0x70, 0x1F, 0xF7, 0x00, 0x00, 0x00,
  0x00, 0x00, 0x00, 0x1F, 0xF7, 0x00, 0x00, 0x00, 0x00, 0x00, 0x00, 0x0F, 0xF7, 0x00, 0x00, 0x00,
  0x00, 0x00, 0x00, 0x0F, 0xFA, 0x00, 0x00, 0x00, 0x00, 0x00, 0x00, 0x0C, 0xFE, 0x00, 0x00, 0x00,
  0x00, 0x00, 0x00, 0x08, 0xFF, 0x40, 0x00, 0x00, 0x00, 0x5D, 0x60, 0x02, 0xFF, 0xC0, 0x00, 0x00,
  0x00, 0xDF, 0xD0, 0x00, 0xAF, 0xF7, 0x00, 0x00, 0x0B, 0xFF, 0x50, 0x00, 0x2E, 0xFF, 0x92, 0x26,
  0xDF, 0xF9, 0x00, 0x00, 0x03, 0xFF, 0xFF, 0xFF, 0xFF, 0x70, 0x00, 0x00, 0x00, 0x29, 0xEF, 0xFD,
  0x81, 0x00, 0x00, 0x00, 0x00, 0x00, 0x01, 0x00, 0x00, 0x00, 0x00, 0x00, 0x00, 0x00, 0x00, 0x00,
  0x00, 0x0D, 0xE7, 0x00, 0x00, 0x00, 0x00, 0x00, 0x00, 0x0E, 0xF7, 0x00, 0x00, 0x00, 0x00, 0x00,
  0x00, 0x0E, 0xF7, 0x00, 0x00, 0x00, 0x00, 0x00, 0x00, 0x0E, 0xF7, 0x00, 0x00, 0x00, 0x00, 0x00,
  0x00, 0x0E, 0xF7, 0x00, 0x00, 0x06, 0x9A, 0x73, 0x00, 0x0E, 0xF7, 0x00, 0x02, 0xEF, 0xFF, 0xFF,
  0xC2, 0x0E, 0xF7, 0x00, 0x1E, 0xFF, 0xFD, 0xEF, 0xFE, 0x2E, 0xF7, 0x00, 0xBF, 0xF9, 0x10, 0x04,
  0xDF, 0xCE, 0xF7, 0x03, 0xFF, 0xA0, 0x00, 0x00, 0x1D, 0xFF, 0xF7, 0x08, 0xFF, 0x10, 0x00, 0x00,
  0x02, 0xFF, 0xF7, 0x0C, 0xFC, 0x00, 0x00, 0x00, 0x00, 0xBF, 0xF7, 0x0F, 0xF8, 0x00, 0x00, 0x00,
  0x00, 0x6F, 0xF7, 0x1F, 0xF6, 0x00, 0x00, 0x00, 0x00, 0x3F, 0xF7, 0x1F, 0xF5, 0x00, 0x00, 0x00,
  0x00, 0x1F, 0xF7, 0x1F, 0xF5, 0x00, 0x00, 0x00, 0x00, 0x1F, 0xF7, 0x0F, 0xF7, 0x00, 0x00, 0x00,
  0x00, 0x2F, 0xF7, 0x0C, 0xF9, 0x00, 0x00, 0x00, 0x00, 0x5F, 0xF7, 0x09, 0xFE, 0x00, 0x00, 0x00,
  0x00, 0x9F, 0xF7, 0x03, 0xFF, 0x60, 0x00, 0x00, 0x00, 0xEF, 0xF7, 0x00, 0xCF, 0xE2, 0x00, 0x00,
  0x09, 0xFF, 0xF7, 0x00, 0x2F, 0xFE, 0x60, 0x01, 0xAF, 0xDD, 0xF7, 0x00, 0x04, 0xFF, 0xFF, 0xEF,
  0xFE, 0x3C, 0xF7, 0x00, 0x00, 0x2A, 0xFF, 0xFF, 0xA1, 0x08, 0xB5, 0x00, 0x00, 0x00, 0x03, 0x30,
  0x00, 0x00, 0x00, 0x00, 0x00, 0x03, 0x8A, 0xB9, 0x50, 0x00, 0x00, 0x00, 0x01, 0xCF, 0xFF, 0xFF,
  0xFE, 0x50, 0x00, 0x00, 0x1E, 0xFF, 0xFE, 0xDF, 0xFF, 0xF6, 0x00, 0x00, 0xBF, 0xFC, 0x30, 0x01,
  0x8F, 0xFF, 0x20, 0x02, 0xFF, 0xA0, 0x00, 0x00, 0x07, 0xFF, 0xA0, 0x08, 0xFF, 0x10, 0x00, 0x00,
  0x00, 0xCF, 0xF0, 0x0C, 0xFB, 0x00, 0x00, 0x00, 0x00, 0x6F, 0xF3, 0x0F, 0xFF, 0xFF, 0xFF, 0xFF,
  0xFF, 0xFF, 0xF6, 0x1F, 0xFF, 0xFF, 0xFF, 0xFF, 0xFF, 0xFF, 0xF7, 0x1F, 0xF9, 0x33, 0x33, 0x33,
  0x33, 0x33, 0x31, 0x1F, 0xF7, 0x00, 0x00, 0x00, 0x00, 0x00, 0x00, 0x0F, 0xF8, 0x00, 0x00, 0x00,
  0x00, 0x00, 0x00, 0x0C, 0xFB, 0x00, 0x00, 0x00, 0x00, 0x00, 0x00, 0x09, 0xFF, 0x10, 0x00, 0x00,
  0x00, 0x8E, 0x70, 0x03, 0xFF, 0x80, 0x00, 0x00, 0x02, 0xFF, 0x60, 0x00, 0xCF, 0xF6, 0x00, 0x00,
  0x2D, 0xFE, 0x00, 0x00, 0x3F, 0xFF, 0xC7, 0x6A, 0xFF, 0xF4, 0x00, 0x00, 0x04, 0xFF, 0xFF, 0xFF,
  0xFF, 0x50, 0x00, 0x00, 0x00, 0x29, 0xEF, 0xFE, 0x81, 0x00, 0x00, 0x00, 0x00, 0x00, 0x01, 0x10,
  0x00, 0x00, 0x00, 0x00, 0x00, 0x00, 0x03, 0x50, 0x00, 0x00, 0x8F, 0xFE, 0x00, 0x00, 0xBF, 0xFF,
  0xD0, 0x00, 0x6F, 0xFF, 0xB7, 0x00, 0x0C, 0xFF, 0x60, 0x00, 0x00, 0xFF, 0xD0, 0x00, 0x00, 0x2F,
  0xF8, 0x00, 0x00, 0x03, 0xFF, 0x60, 0x00, 0xBE, 0xEF, 0xFF, 0xFF, 0xAD, 0xFF, 0xFF, 0xFF, 0xFA,
  0x79, 0xAF, 0xFA, 0x99, 0x60, 0x03, 0xFF, 0x30, 0x00, 0x00, 0x3F, 0xF3, 0x00, 0x00, 0x03, 0xFF,
  0x30, 0x00, 0x00, 0x3F, 0xF3, 0x00, 0x00, 0x02, 0xFF, 0x20, 0x00, 0x00, 0x2F, 0xF2, 0x00, 0x00,
  0x02, 0xFF, 0x20, 0x00, 0x00, 0x2F, 0xF2, 0x00, 0x00, 0x02, 0xFF, 0x20, 0x00, 0x00, 0x1F, 0xF2,
  0x00, 0x00, 0x01, 0xFF, 0x20, 0x00, 0x00, 0x1F, 0xF2, 0x00, 0x00, 0x00, 0xFF, 0x20, 0x00, 0x00,
  0x0E, 0xE1, 0x00, 0x00, 0x00, 0x00, 0x00, 0x00, 0x00, 0x00, 0x10, 0x00, 0x00, 0x00, 0x00, 0x00,
  0x00, 0x00, 0xAA, 0x00, 0x00, 0x00, 0x00, 0x00, 0x00, 0x01, 0xFF, 0xC0, 0x00, 0x00, 0x00, 0x00,
  0x00, 0x07, 0xFF, 0x60, 0x00, 0x00, 0x03, 0x79, 0x98, 0x4D, 0xFD, 0x00, 0x00, 0x01, 0xBF, 0xFF,
  0xFF, 0xFF, 0xF4, 0x00, 0x00, 0x1E, 0xFF, 0xFC, 0xCE, 0xFF, 0xF2, 0x00, 0x00, 0xAF, 0xF8, 0x00,
  0x01, 0xFF, 0xFD, 0x00, 0x02, 0xFF, 0x80, 0x00, 0x07, 0xFC, 0xFF, 0x50, 0x08, 0xFF, 0x00, 0x00,
  0x0D, 0xE1, 0xCF, 0xB0, 0x0C, 0xFA, 0x00, 0x00, 0x0B, 0x70, 0x7F, 0xF0, 0x0E, 0xF7, 0x00, 0x00,
  0x00, 0x00, 0x3F, 0xF2, 0x0F, 0xF6, 0x00, 0x00, 0x00, 0x00, 0x1F, 0xF4, 0x0F, 0xF5, 0x00, 0x00,
  0x00, 0x00, 0x1F, 0xF4, 0x0F, 0xF6, 0x00, 0x00, 0x00, 0x00, 0x2F, 0xF4, 0x0E, 0xF7, 0x00, 0x00,
  0x00, 0x00, 0x4F, 0xF2, 0x0B, 0xFA, 0x00, 0x00, 0x00, 0x00, 0x7F, 0xF0, 0x07, 0xFE, 0x00, 0x00,
  0x00, 0x00, 0xCF, 0xB0, 0x03, 0xFF, 0x50, 0x00, 0x00, 0x04, 0xFF, 0x60, 0x00, 0xBF, 0xD1, 0x00,
  0x00, 0x1E, 0xFE, 0x00, 0x00, 0x3F, 0xFC, 0x30, 0x05, 0xEF, 0xF5, 0x00, 0x00, 0x07, 0xFF, 0xFF,
  0xFF, 0xFF, 0x80, 0x00, 0x00, 0x00, 0xDF, 0xFF, 0xFF, 0xE5, 0x00, 0x00, 0x00, 0x0B, 0xF9, 0x36,
  0x64, 0x01, 0x00, 0x00, 0x00, 0x7F, 0xC0, 0x00, 0x07, 0xEF, 0xFC, 0x30, 0x00, 0xEF, 0x50, 0x02,
  0xDF, 0xFF, 0xFF, 0xF2, 0x01, 0xFF, 0x60, 0x6F, 0xFF, 0xB7, 0xCF, 0xF9, 0x00, 0xFF, 0xFF, 0xFF,
  0xE4, 0x00, 0x0E, 0xFD, 0x00, 0x4F, 0xFF, 0xFC, 0x20, 0x00, 0x0D, 0xFC, 0x00, 0x00, 0x45, 0x20,
  0x00, 0x00, 0x5F, 0xF8, 0x00, 0x00, 0x00, 0x00, 0x00, 0x07, 0xFF, 0xE1, 0x00, 0x00, 0x00, 0x11,
  0x37, 0xEF, 0xFE, 0x30, 0x00, 0x00, 0x06, 0xFF, 0xFF, 0xFF, 0xA1, 0x00, 0x00, 0x00, 0x02, 0x78,
  0x87, 0x40, 0x00, 0x00, 0x7E, 0xE4, 0x00, 0x00, 0x00, 0x00, 0x00, 0x7F, 0xF5, 0x00, 0x00, 0x00,
  0x00, 0x00, 0x6F, 0xF5, 0x00, 0x00, 0x00, 0x00, 0x00, 0x5F, 0xF5, 0x00, 0x00, 0x00, 0x00, 0x00,
  0x5F, 0xF5, 0x00, 0x00, 0x00, 0x00, 0x00, 0x4F, 0xF5, 0x00, 0x00, 0x00, 0x00, 0x00, 0x4F, 0xF5,
  0x00, 0x00, 0x36, 0x30, 0x00, 0x4F, 0xF5, 0x00, 0x09, 0xFF, 0xF4, 0x00, 0x3F, 0xF5, 0x00, 0xBF,
  0xFF, 0xFC, 0x00, 0x3F, 0xF5, 0x07, 0xFE, 0x4A, 0xFF, 0x10, 0x3F, 0xF5, 0x2F, 0xF3, 0x02, 0xFF,
  0x40, 0x2F, 0xF5, 0x9F, 0xA0, 0x00, 0xEF, 0x60, 0x2F, 0xF6, 0xFF, 0x20, 0x00, 0xCF, 0x80, 0x2F,
  0xFC, 0xFC, 0x00, 0x00, 0xAF, 0xA0, 0x2F, 0xFF, 0xF6, 0x00, 0x00, 0x9F, 0xC0, 0x1F, 0xFF, 0xF1,
  0x00, 0x00, 0x8F, 0xD0, 0x1F, 0xFF, 0xC0, 0x00, 0x00, 0x7F, 0xF0, 0x1F, 0xFF, 0x70, 0x00, 0x00,
  0x5F, 0xF0, 0x1F, 0xFF, 0x30, 0x00, 0x00, 0x4F, 0xF1, 0x1F, 0xFF, 0x00, 0x00, 0x00, 0x3F, 0xF2,
  0x1F, 0xFB, 0x00, 0x00, 0x00, 0x2F, 0xF3, 0x1F, 0xF7, 0x00, 0x00, 0x00, 0x1F, 0xF3, 0x1F, 0xF5,
  0x00, 0x00, 0x00, 0x1F, 0xF4, 0x0A, 0x91, 0x00, 0x00, 0x00, 0x0C, 0xB2, 0x02, 0x40, 0x04, 0xFF,
  0xD0, 0x9F, 0xFF, 0x35, 0xFF, 0xE0, 0x05, 0x72, 0x00, 0x00, 0x00, 0x00, 0x00, 0x00, 0x21, 0x00,
  0x2F, 0xF9, 0x02, 0xFF, 0x90, 0x1F, 0xF9, 0x01, 0xFF, 0x90, 0x1F, 0xF8, 0x01, 0xFF, 0x80, 0x1F,
  0xF8, 0x00, 0xFF, 0x70, 0x0F, 0xF7, 0x00, 0xFF, 0x70, 0x0F, 0xF7, 0x00, 0xFF, 0x60, 0x0F, 0xF6,
  0x00, 0xFF, 0x60, 0x0F, 0xF6, 0x00, 0xFF, 0x50, 0x08, 0x93, 0x00, 0x00, 0x04, 0x20, 0x00, 0xDF,
  0xF4, 0x03, 0xFF, 0xF9, 0x00, 0xEF, 0xF6, 0x00, 0x27, 0x50, 0x00, 0x00, 0x00, 0x00, 0x00, 0x00,
  0x00, 0x13, 0x42, 0x00, 0x7F, 0xF6, 0x00, 0x6F, 0xF7, 0x00, 0x5F, 0xF7, 0x00, 0x5F, 0xF7, 0x00,
  0x4F, 0xF7, 0x00, 0x3F, 0xF7, 0x00, 0x3F, 0xF8, 0x00, 0x2F, 0xF8, 0x00, 0x2F, 0xF8, 0x00, 0x1F,
  0xF8, 0x00, 0x1F, 0xF8, 0x00, 0x0F, 0xF8, 0x00, 0x0F, 0xF8, 0x00, 0x0F, 0xF8, 0x00, 0x0F, 0xF8,
  0x00, 0x0E, 0xF8, 0x00, 0x0E, 0xF8, 0x00, 0x0F, 0xF7, 0x00, 0x2F, 0xF6, 0x00, 0x7F, 0xF3, 0x02,
  0xFF, 0xE0, 0x8F, 0xFF, 0x60, 0xFF, 0xF9, 0x00, 0xFC, 0x50, 0x00, 0x10, 0x00, 0x00, 0x6A, 0x95,
  0x00, 0x00, 0x00, 0x00, 0x0A, 0xFF, 0x80, 0x00, 0x00, 0x00, 0x00, 0x9F, 0xF8, 0x00, 0x00, 0x00,
  0x00, 0x08, 0xFF, 0x80, 0x00, 0x00, 0x00, 0x00, 0x8F, 0xF7, 0x00, 0x00, 0x00, 0x00, 0x07, 0xFF,
  0x70, 0x00, 0x00, 0x00, 0x00, 0x7F, 0xF7, 0x00, 0x00, 0x06, 0x20, 0x06, 0xFF, 0x70, 0x00, 0x04,
  0xFF, 0xC2, 0x5F, 0xF7, 0x00, 0x00, 0xDF, 0xFC, 0x05, 0xFF, 0x60, 0x00, 0x7F, 0xFF, 0x20, 0x4F,
  0xF6, 0x00, 0x1F, 0xFF, 0x60, 0x04, 0xFF, 0x60, 0x0A, 0xFF, 0xA0, 0x00, 0x3F, 0xF6, 0x04, 0xFF,
  0xE1, 0x00, 0x03, 0xFF, 0x60, 0xDF, 0xF6, 0x00, 0x00, 0x2F, 0xF5, 0x8F, 0xFF, 0xB0, 0x00, 0x02,
  0xFF, 0x8F, 0xFE, 0xFF, 0x20, 0x00, 0x2F, 0xFF, 0xFE, 0x1E, 0xF9, 0x00, 0x01, 0xFF, 0xFF, 0x30,
  0x9F, 0xF0, 0x00, 0x1F, 0xFF, 0x60, 0x04, 0xFF, 0x60, 0x01, 0xFF, 0x90, 0x00, 0x0E, 0xFE, 0x00,
  0x0F, 0xF3, 0x00, 0x00, 0x8F, 0xF6, 0x00, 0xFF, 0x20, 0x00, 0x01, 0xFF, 0xE0, 0x0F, 0xF1, 0x00,
  0x00, 0x0A, 0xFF, 0x70, 0xDD, 0x10, 0x00, 0x00, 0x4F, 0xE9, 0x00, 0x00, 0x00, 0x00, 0x00, 0x20,
  0x00, 0x19, 0x73, 0x2F, 0xF7, 0x2F, 0xF7, 0x1F, 0xF7, 0x1F, 0xF6, 0x1F, 0xF6, 0x1F, 0xF6, 0x0F,
  0xF6, 0x0F, 0xF5, 0x0F, 0xF5, 0x0F, 0xF5, 0x0F, 0xF5, 0x0F, 0xF5, 0x0F, 0xF4, 0x0F, 0xF4, 0x0F,
  0xF4, 0x0E, 0xF4, 0x0E, 0xF3, 0x0E, 0xF3, 0x0E, 0xF3, 0x0E, 0xF3, 0x0D, 0xF3, 0x0D, 0xF2, 0x0C,
  0xE2, 0x00, 0x00, 0x00, 0x03, 0x20, 0x00, 0x00, 0x00, 0x00, 0x6F, 0xE8, 0x00, 0xAF, 0xF7, 0x00,
  0x07, 0xB8, 0x00, 0x6F, 0xF9, 0x09, 0xFF, 0xFF, 0x20, 0xCF, 0xFF, 0xA0, 0x5F, 0xF9, 0x3F, 0xFC,
  0xFF, 0x7A, 0xFF, 0xFF, 0xF2, 0x4F, 0xF9, 0xBF, 0x60, 0xFF, 0xEF, 0xD2, 0x3F, 0xF7, 0x4F, 0xFB,
  0xFD, 0x00, 0xCF, 0xFF, 0x30, 0x0D, 0xFA, 0x3F, 0xFF, 0xF6, 0x00, 0xAF, 0xFA, 0x00, 0x0A, 0xFC,
  0x3F, 0xFF, 0xE0, 0x00, 0x9F, 0xF3, 0x00, 0x08, 0xFE, 0x3F, 0xFF, 0x90, 0x00, 0x8F, 0xF0, 0x00,
  0x08, 0xFE, 0x2F, 0xFF, 0x40, 0x00, 0x8F, 0xF1, 0x00, 0x08, 0xFE, 0x2F, 0xFF, 0x00, 0x00, 0x8F,
  0xF1, 0x00, 0x08, 0xFE, 0x2F, 0xFD, 0x00, 0x00, 0x8F, 0xF1, 0x00, 0x09, 0xFE, 0x2F, 0xFA, 0x00,
  0x00, 0x8F, 0xF0, 0x00, 0x0A, 0xFD, 0x2F, 0xF8, 0x00, 0x00, 0x9F, 0xF0, 0x00, 0x0B, 0xFC, 0x2F,
  0xF6, 0x00, 0x00, 0xAF, 0xE0, 0x00, 0x0C, 0xFA, 0x2F, 0xF4, 0x00, 0x00, 0xBF, 0xC0, 0x00, 0x0E,
  0xF9, 0x2F, 0xF3, 0x00, 0x00, 0xCF, 0xA0, 0x00, 0x0F, 0xF8, 0x19, 0x90, 0x00, 0x00, 0xAB, 0x60,
  0x00, 0x18, 0x94, 0x00, 0x00, 0x00, 0x00, 0x58, 0x40, 0x00, 0x7F, 0xF9, 0x00, 0x1C, 0xFF, 0xF5,
  0x00, 0x6F, 0xFA, 0x00, 0xDF, 0xFF, 0xFD, 0x00, 0x5F, 0xFA, 0x08, 0xFD, 0x39, 0xFF, 0x10, 0x4F,
  0xFA, 0x1F, 0xF2, 0x01, 0xFF, 0x40, 0x3F, 0xFA, 0x7F, 0x90, 0x00, 0xEF, 0x60, 0x2F, 0xFA, 0xDF,
  0x20, 0x00, 0xCF, 0x80, 0x2F, 0xFE, 0xFB, 0x00, 0x00, 0xAF, 0xA0, 0x1F, 0xFF, 0xF5, 0x00, 0x00,
  0x9F, 0xC0, 0x1F, 0xFF, 0xF1, 0x00, 0x00, 0x8F, 0xD0, 0x0F, 0xFF, 0xC0, 0x00, 0x00, 0x7F, 0xF0,
  0x0F, 0xFF, 0x70, 0x00, 0x00, 0x6F, 0xF0, 0x0F, 0xFF, 0x30, 0x00, 0x00, 0x5F, 0xF1, 0x0F, 0xFF,
  0x00, 0x00, 0x00, 0x4F, 0xF2, 0x0F, 0xFC, 0x00, 0x00, 0x00, 0x3F, 0xF2, 0x1F, 0xF8, 0x00, 0x00,
  0x00, 0x2F, 0xF3, 0x1F, 0xF5, 0x00, 0x00, 0x00, 0x1F, 0xF3, 0x1E, 0xE3, 0x00, 0x00, 0x00, 0x0F,
  0xF4, 0x00, 0x00, 0x00, 0x00, 0x00, 0x00, 0x00, 0x00, 0x00, 0x05, 0xAC, 0xCA, 0x50, 0x00, 0x00,
  0x00, 0x02, 0xCF, 0xFF, 0xFF, 0xFE, 0x30, 0x00, 0x00, 0x1E, 0xFF, 0xC8, 0x8B, 0xFF, 0xF3, 0x00,
  0x00, 0xBF, 0xF6, 0x00, 0x00, 0x5F, 0xFC, 0x00, 0x03, 0xFF, 0x90, 0x00, 0x00, 0x08, 0xFF, 0x40,
  0x09, 0xFF, 0x10, 0x00, 0x00, 0x01, 0xFF, 0x90, 0x0D, 0xFC, 0x00, 0x00, 0x00, 0x00, 0xCF, 0xD0,
  0x0F, 0xF9, 0x00, 0x00, 0x00, 0x00, 0x9F, 0xF0, 0x1F, 0xF8, 0x00, 0x00, 0x00, 0x00, 0x8F, 0xF0,
  0x1F, 0xF7, 0x00, 0x00, 0x00, 0x00, 0x8F, 0xF0, 0x0F, 0xF8, 0x00, 0x00, 0x00, 0x00, 0x9F, 0xF0,
  0x0E, 0xFA, 0x00, 0x00, 0x00, 0x00, 0xBF, 0xE0, 0x0B, 0xFE, 0x00, 0x00, 0x00, 0x00, 0xEF, 0xA0,
  0x07, 0xFF, 0x30, 0x00, 0x00, 0x04, 0xFF, 0x70, 0x01, 0xFF, 0xA0, 0x00, 0x00, 0x0B, 0xFF, 0x10,
  0x00, 0xAF, 0xF6, 0x00, 0x00, 0x6F, 0xFA, 0x00, 0x00, 0x1E, 0xFF, 0x93, 0x39, 0xFF, 0xE1, 0x00,
  0x00, 0x03, 0xFF, 0xFF, 0xFF, 0xFF, 0x30, 0x00, 0x00, 0x00, 0x2B, 0xFF, 0xFF, 0xB2, 0x00, 0x00,
  0x00, 0x00, 0x00, 0x14, 0x41, 0x00, 0x00, 0x00, 0x00, 0x00, 0x00, 0x00, 0x21, 0x00, 0x00, 0x00,
  0x19, 0x94, 0x04, 0xBF, 0xFF, 0xE7, 0x00, 0x00, 0x2F, 0xF5, 0x8F, 0xFF, 0xFF, 0xFF, 0xC0, 0x00,
  0x2F, 0xFB, 0xFF, 0x71, 0x03, 0xBF, 0xFB, 0x00, 0x2F, 0xFF, 0xF3, 0x00, 0x00, 0x09, 0xFF, 0x40,
  0x2F, 0xFF, 0x60, 0x00, 0x00, 0x00, 0xEF, 0xB0, 0x2F, 0xFE, 0x00, 0x00, 0x00, 0x00, 0x7F, 0xF0,
  0x2F, 0xF9, 0x00, 0x00, 0x00, 0x00, 0x3F, 0xF3, 0x2F, 0xF6, 0x00, 0x00, 0x00, 0x00, 0x1F, 0xF5,
  0x2F, 0xF5, 0x00, 0x00, 0x00, 0x00, 0x0F, 0xF5, 0x2F, 0xF5, 0x00, 0x00, 0x00, 0x00, 0x1F, 0xF5,
  0x2F, 0xF6, 0x00, 0x00, 0x00, 0x00, 0x3F, 0xF3, 0x2F, 0xF9, 0x00, 0x00, 0x00, 0x00, 0x6F, 0xF1,
  0x2F, 0xFD, 0x00, 0x00, 0x00, 0x00, 0xBF, 0xD0, 0x2F, 0xFF, 0x40, 0x00, 0x00, 0x01, 0xFF, 0x80,
  0x2F, 0xFF, 0xD0, 0x00, 0x00, 0x0A, 0xFF, 0x20, 0x2F, 0xFD, 0xFC, 0x20, 0x00, 0xAF, 0xFA, 0x00,
  0x2F, 0xF5, 0xEF, 0xFC, 0xCF, 0xFF, 0xE1, 0x00, 0x2F, 0xF3, 0x2D, 0xFF, 0xFF, 0xFD, 0x20, 0x00,
  0x2F, 0xF3, 0x00, 0x5A, 0xCB, 0x60, 0x00, 0x00, 0x2F, 0xF3, 0x00, 0x00, 0x00, 0x00, 0x00, 0x00,
  0x2F, 0xF3, 0x00, 0x00, 0x00, 0x00, 0x00, 0x00, 0x2F, 0xF3, 0x00, 0x00, 0x00, 0x00, 0x00, 0x00,
  0x2F, 0xF3, 0x00, 0x00, 0x00, 0x00, 0x00, 0x00, 0x2F, 0xF2, 0x00, 0x00, 0x00, 0x00, 0x00, 0x00,
  0x00, 0x00, 0x00, 0x02, 0x10, 0x00, 0x00, 0x00, 0x00, 0x00, 0x19, 0xFF, 0xFE, 0x91, 0x1A, 0xA6,
  0x00, 0x03, 0xEF, 0xFF, 0xFF, 0xFE, 0x3F, 0xFB, 0x00, 0x1E, 0xFF, 0x82, 0x03, 0xBF, 0xDF, 0xFB,
  0x00, 0xAF, 0xF3, 0x00, 0x00, 0x0A, 0xFF, 0xFB, 0x02, 0xFF, 0x70, 0x00, 0x00, 0x01, 0xFF, 0xFB,
  0x08, 0xFE, 0x00, 0x00, 0x00, 0x00, 0x9F, 0xFB, 0x0C, 0xFA, 0x00, 0x00, 0x00, 0x00, 0x5F, 0xFB,
  0x0F, 0xF7, 0x00, 0x00, 0x00, 0x00, 0x2F, 0xFB, 0x0F, 0xF6, 0x00, 0x00, 0x00, 0x00, 0x1F, 0xFB,
  0x1F, 0xF5, 0x00, 0x00, 0x00, 0x00, 0x1F, 0xFB, 0x1F, 0xF6, 0x00, 0x00, 0x00, 0x00, 0x2F, 0xFB,
  0x0F, 0xF8, 0x00, 0x00, 0x00, 0x00, 0x5F, 0xFB, 0x0D, 0xFB, 0x00, 0x00, 0x00, 0x00, 0xAF, 0xFB,
  0x09, 0xFF, 0x10, 0x00, 0x00, 0x02, 0xFF, 0xFB, 0x03, 0xFF, 0x90, 0x00, 0x00, 0x0C, 0xFF, 0xFB,
  0x00, 0xCF, 0xF8, 0x00, 0x02, 0xCF, 0xEF, 0xFB, 0x00, 0x2F, 0xFF, 0xFC, 0xDF, 0xFF, 0x4F, 0xFB,
  0x00, 0x04, 0xFF, 0xFF, 0xFF, 0xD3, 0x0F, 0xFB, 0x00, 0x00, 0x18, 0xBC, 0x95, 0x00, 0x0F, 0xFB,
  0x00, 0x00, 0x00, 0x00, 0x00, 0x00, 0x0F, 0xFB, 0x00, 0x00, 0x00, 0x00, 0x00, 0x00, 0x0F, 0xFB,
  0x00, 0x00, 0x00, 0x00, 0x00, 0x00, 0x0F, 0xFB, 0x00, 0x00, 0x00, 0x00, 0x00, 0x00, 0x0F, 0xFB,
  0x00, 0x00, 0x00, 0x00, 0x00, 0x00, 0x0F, 0xFB, 0x00, 0x00, 0x00, 0x00, 0x00, 0x00, 0x01, 0x10,
  0x5B, 0xC6, 0x00, 0x07, 0xCD, 0x91, 0x06, 0xFF, 0x70, 0x1D, 0xFF, 0xFF, 0xC0, 0x5F, 0xF7, 0x0C,
  0xFE, 0x69, 0xFF, 0x34, 0xFF, 0x78, 0xFD, 0x10, 0x0C, 0xF8, 0x4F, 0xF8, 0xFF, 0x20, 0x00, 0xAF,
  0x93, 0xFF, 0xEF, 0x80, 0x00, 0x09, 0xFA, 0x3F, 0xFF, 0xF1, 0x00, 0x00, 0x9F, 0x92, 0xFF, 0xFA,
  0x00, 0x00, 0x0A, 0xF7, 0x2F, 0xFF, 0x50, 0x00, 0x00, 0xCF, 0x52, 0xFF, 0xF1, 0x00, 0x00, 0x07,
  0xA2, 0x1F, 0xFD, 0x00, 0x00, 0x00, 0x00, 0x01, 0xFF, 0xA0, 0x00, 0x00, 0x00, 0x00, 0x1F, 0xF8,
  0x00, 0x00, 0x00, 0x00, 0x01, 0xFF, 0x70, 0x00, 0x00, 0x00, 0x00, 0x0F, 0xF7, 0x00, 0x00, 0x00,
  0x00, 0x00, 0xFF, 0x70, 0x00, 0x00, 0x00, 0x00, 0x0F, 0xF7, 0x00, 0x00, 0x00, 0x00, 0x00, 0xFF,
  0x70, 0x00, 0x00, 0x00, 0x00, 0x06, 0x73, 0x00, 0x00, 0x00, 0x00, 0x00, 0x00, 0x00, 0x01, 0x34,
  0x20, 0x00, 0x00, 0x00, 0x03, 0xBF, 0xFF, 0xFE, 0x80, 0x00, 0x00, 0x7F, 0xFF, 0xFF, 0xFF, 0xFE,
  0x20, 0x04, 0xFF, 0xFB, 0x64, 0x7F, 0xFF, 0xD0, 0x0C, 0xFF, 0x60, 0x00, 0x02, 0xFF, 0xF5, 0x0F,
  0xFC, 0x00, 0x00, 0x00, 0x8F, 0xFB, 0x2F, 0xF9, 0x00, 0x00, 0x00, 0x4F, 0xFD, 0x1F, 0xFC, 0x00,
  0x00, 0x00, 0x2F, 0xFD, 0x0C, 0xFF, 0x70, 0x00, 0x00, 0x00, 0x01, 0x04, 0xFF, 0xFB, 0x50, 0x00,
  0x00, 0x00, 0x00, 0x6F, 0xFF, 0xFF, 0xC7, 0x10, 0x00, 0x00, 0x02, 0xBF, 0xFF, 0xFF, 0xF5, 0x00,
  0x00, 0x00, 0x01, 0x59, 0xEF, 0xFF, 0x50, 0x00, 0x00, 0x00, 0x00, 0x07, 0xFF, 0xD0, 0x1F, 0xFA,
  0x00, 0x00, 0x00, 0xBF, 0xF0, 0x0E, 0xFE, 0x00, 0x00, 0x00, 0xAF, 0xF1, 0x08, 0xFF, 0xA0, 0x00,
  0x01, 0xEF, 0xD0, 0x01, 0xEF, 0xFC, 0x54, 0x7E, 0xFF, 0x60, 0x00, 0x3E, 0xFF, 0xFF, 0xFF, 0xFA,
  0x00, 0x00, 0x01, 0x8D, 0xFF, 0xEB, 0x40, 0x00, 0x00, 0x00, 0x00, 0x00, 0x00, 0x00, 0x00, 0x00,
  0x00, 0x11, 0x00, 0x00, 0x00, 0x00, 0x09, 0xFE, 0x00, 0x00, 0x00, 0x00, 0x9F, 0xE0, 0x00, 0x00,
  0x00, 0x09, 0xFE, 0x00, 0x00, 0x00, 0x00, 0x9F, 0xE0, 0x00, 0x00, 0x00, 0x09, 0xFE, 0x00, 0x00,
  0x27, 0x77, 0xCF, 0xE7, 0x77, 0x14, 0xFF, 0xFF, 0xFF, 0xFF, 0xF3, 0x3A, 0xAA, 0xDF, 0xFA, 0xAA,
  0x10, 0x00, 0x08, 0xFD, 0x00, 0x00, 0x00, 0x00, 0x8F, 0xD0, 0x00, 0x00, 0x00, 0x08, 0xFC, 0x00,
  0x00, 0x00, 0x00, 0x8F, 0xC0, 0x00, 0x00, 0x00, 0x08, 0xFC, 0x00, 0x00, 0x00, 0x00, 0x8F, 0xC0,
  0x00, 0x00, 0x00, 0x08, 0xFB, 0x00, 0x00, 0x00, 0x00, 0x8F, 0xB0, 0x00, 0x00, 0x00, 0x07, 0xFB,
  0x00, 0x00, 0x00, 0x00, 0x7F, 0xB0, 0x00, 0x00, 0x00, 0x07, 0xFA, 0x00, 0x00, 0x00, 0x00, 0x7F,
  0xA0, 0x00, 0x00, 0x00, 0x07, 0xFA, 0x00, 0x00, 0x00, 0x00, 0x7F, 0xA0, 0x00, 0x00, 0x00, 0x07,
  0xFA, 0x00, 0x00, 0x00, 0x00, 0x6F, 0x90, 0x00, 0x00, 0x07, 0x64, 0x00, 0x00, 0x00, 0x01, 0x10,
  0x1F, 0xFE, 0x00, 0x00, 0x00, 0x2F, 0xF1, 0x3F, 0xFC, 0x00, 0x00, 0x00, 0x4F, 0xF1, 0x4F, 0xF9,
  0x00, 0x00, 0x00, 0x6F, 0xF0, 0x5F, 0xF8, 0x00, 0x00, 0x00, 0x9F, 0xF0, 0x6F, 0xF6, 0x00, 0x00,
  0x00, 0xCF, 0xF0, 0x6F, 0xF5, 0x00, 0x00, 0x00, 0xFF, 0xF0, 0x7F, 0xF4, 0x00, 0x00, 0x03, 0xFF,
  0xF0, 0x7F, 0xF3, 0x00, 0x00, 0x07, 0xFF, 0xF0, 0x7F, 0xF3, 0x00, 0x00, 0x0C, 0xFF, 0xE0, 0x6F,
  0xF3, 0x00, 0x00, 0x1F, 0xFF, 0xE0, 0x6F, 0xF4, 0x00, 0x00, 0x6F, 0xFF, 0xE0, 0x4F, 0xF5, 0x00,
  0x00, 0xCF, 0xEF, 0xE0, 0x2F, 0xF8, 0x00, 0x04, 0xFF, 0x8F, 0xD0, 0x0F, 0xFD, 0x00, 0x0D, 0xF9,
  0x7F, 0xD0, 0x0A, 0xFF, 0x83, 0xBF, 0xE1, 0x6F, 0xD0, 0x02, 0xFF, 0xFF, 0xFF, 0x30, 0x5F, 0xC0,
  0x00, 0x5F, 0xFF, 0xD3, 0x00, 0x5F, 0xC0, 0x00, 0x01, 0x44, 0x00, 0x00, 0x02, 0x10, 0x26, 0x93,
  0x00, 0x00, 0x00, 0x09, 0x75, 0x08, 0xFF, 0x80, 0x00, 0x00, 0x03, 0xFF, 0xD0, 0x3F, 0xFC, 0x00,
  0x00, 0x00, 0x7F, 0xF8, 0x00, 0xEF, 0xF0, 0x00, 0x00, 0x0B, 0xFF, 0x30, 0x0A, 0xFF, 0x40, 0x00,
  0x00, 0xFF, 0xD0, 0x00, 0x5F, 0xF8, 0x00, 0x00, 0x3F, 0xF8, 0x00, 0x01, 0xFF, 0xC0, 0x00, 0x08,
  0xFF, 0x30, 0x00, 0x0C, 0xFF, 0x00, 0x00, 0xCF, 0xE0, 0x00, 0x00, 0x7F, 0xF3, 0x00, 0x0F, 0xF9,
  0x00, 0x00, 0x03, 0xFF, 0x70, 0x04, 0xFF, 0x40, 0x00, 0x00, 0x0E, 0xFB, 0x00, 0x8F, 0xE0, 0x00,
  0x00, 0x00, 0x9F, 0xF0, 0x0C, 0xFA, 0x00, 0x00, 0x00, 0x05, 0xFF, 0x30, 0xFF, 0x50, 0x00, 0x00,
  0x00, 0x0F, 0xF7, 0x4F, 0xF0, 0x00, 0x00, 0x00, 0x00, 0xBF, 0xB8, 0xFA, 0x00, 0x00, 0x00, 0x00,
  0x07, 0xFE, 0xCF, 0x50, 0x00, 0x00, 0x00, 0x00, 0x2F, 0xFF, 0xF0, 0x00, 0x00, 0x00, 0x00, 0x00,
  0xDF, 0xFB, 0x00, 0x00, 0x00, 0x03, 0x34, 0x00, 0x00, 0x00, 0x00, 0x01, 0xBC, 0xC0, 0x5F, 0xFE,
  0x00, 0x00, 0x00, 0x00, 0x00, 0xFF, 0xF0, 0x6F, 0xFC, 0x00, 0x00, 0x99, 0x50, 0x00, 0xFF, 0xF1,
  0x7F, 0xFA, 0x00, 0x02, 0xFF, 0x70, 0x00, 0xEF, 0xF2, 0x7F, 0xF9, 0x00, 0x03, 0xFF, 0x70, 0x00,
  0xCF, 0xF3, 0x8F, 0xF7, 0x00, 0x05, 0xFF, 0x70, 0x00, 0xBF, 0xF3, 0x8F, 0xF6, 0x00, 0x07, 0xFF,
  0x70, 0x00, 0xAF, 0xF4, 0x8F, 0xF5, 0x00, 0x09, 0xFF, 0x70, 0x00, 0x9F, 0xF4, 0x7F, 0xF4, 0x00,
  0x0B, 0xFF, 0x80, 0x00, 0x9F, 0xF4, 0x6F, 0xF4, 0x00, 0x0D, 0xFF, 0x90, 0x00, 0x9F, 0xF3, 0x6F,
  0xF4, 0x00, 0x0F, 0xFF, 0xB0, 0x00, 0x9F, 0xF2, 0x5F, 0xF4, 0x00, 0x3F, 0xFF, 0xE0, 0x00, 0xBF,
  0xF0, 0x2F, 0xF6, 0x00, 0x6F, 0xDF, 0xF1, 0x00, 0xEF, 0xE0, 0x0F, 0xF9, 0x00, 0xAF, 0x8D, 0xF5,
  0x01, 0xFF, 0xB0, 0x0C, 0xFD, 0x00, 0xEF, 0x49, 0xFA, 0x06, 0xFF, 0x70, 0x06, 0xFF, 0x45, 0xFD,
  0x03, 0xFF, 0x6D, 0xFF, 0x10, 0x00, 0xEF, 0xFF, 0xF6, 0x00, 0xCF, 0xFF, 0xFA, 0x00, 0x00, 0x3E,
  0xFF, 0xB0, 0x00, 0x1D, 0xFF, 0xD1, 0x00, 0x00, 0x00, 0x44, 0x00, 0x00, 0x00, 0x44, 0x00, 0x00,
  0x00, 0x42, 0x00, 0x00, 0x00, 0x52, 0x00, 0x7E, 0xFB, 0x00, 0x00, 0x01, 0xFF, 0xB2, 0x6F, 0xFF,
  0x30, 0x00, 0x07, 0xFF, 0xF2, 0x0B, 0xFF, 0xC0, 0x00, 0x1E, 0xFF, 0x80, 0x02, 0xFF, 0xF5, 0x00,
  0x8F, 0xFD, 0x00, 0x00, 0x6F, 0xFE, 0x02, 0xFF, 0xF4, 0x00, 0x00, 0x0B, 0xFF, 0x9A, 0xFF, 0x90,
  0x00, 0x00, 0x01, 0xFF, 0xFF, 0xFE, 0x00, 0x00, 0x00, 0x00, 0x6F, 0xFF, 0xF4, 0x00, 0x00, 0x00,
  0x00, 0x0B, 0xFF, 0xB0, 0x00, 0x00, 0x00, 0x00, 0x1F, 0xFF, 0xF2, 0x00, 0x00, 0x00, 0x00, 0xBF,
  0xFF, 0xFC, 0x00, 0x00, 0x00, 0x05, 0xFF, 0x8A, 0xFF, 0x60, 0x00, 0x00, 0x1E, 0xFC, 0x01, 0xEF,
  0xF1, 0x00, 0x00, 0x9F, 0xF2, 0x00, 0x4F, 0xFA, 0x00, 0x04, 0xFF, 0x50, 0x00, 0x09, 0xFF, 0x40,
  0x1E, 0xF9, 0x00, 0x00, 0x00, 0xDF, 0xD0, 0x3D, 0xD0, 0x00, 0x00, 0x00, 0x3F, 0x80, 0x00, 0x10,
  0x00, 0x00, 0x00, 0x01, 0x00, 0x0C, 0xB9, 0x00, 0x00, 0x00, 0x06, 0x62, 0x2F, 0xFD, 0x00, 0x00,
  0x00, 0x2F, 0xF5, 0x3F, 0xFB, 0x00, 0x00, 0x00, 0x4F, 0xF4, 0x4F, 0xF9, 0x00, 0x00, 0x00, 0x7F,
  0xF3, 0x5F, 0xF7, 0x00, 0x00, 0x00, 0xAF, 0xF2, 0x6F, 0xF6, 0x00, 0x00, 0x00, 0xDF, 0xF1, 0x6F,
  0xF4, 0x00, 0x00, 0x00, 0xFF, 0xF0, 0x7F, 0xF3, 0x00, 0x00, 0x04, 0xFF, 0xF0, 0x7F, 0xF3, 0x00,
  0x00, 0x08, 0xFF, 0xE0, 0x7F, 0xF3, 0x00, 0x00, 0x0C, 0xFF, 0xE0, 0x6F, 0xF3, 0x00, 0x00, 0x1F,
  0xFF, 0xD0, 0x5F, 0xF4, 0x00, 0x00, 0x5F, 0xFF, 0xC0, 0x4F, 0xF6, 0x00, 0x00, 0xBF, 0xFF, 0xC0,
  0x2F, 0xF8, 0x00, 0x02, 0xFF, 0xAF, 0xB0, 0x0F, 0xFD, 0x00, 0x0B, 0xFB, 0x8F, 0xB0, 0x0A, 0xFF,
  0x50, 0x7F, 0xF2, 0x8F, 0xA0, 0x04, 0xFF, 0xFE, 0xFF, 0x70, 0x9F, 0xA0, 0x00, 0xAF, 0xFF, 0xF8,
  0x00, 0xBF, 0x90, 0x00, 0x06, 0xA9, 0x30, 0x00, 0xDF, 0x80, 0x00, 0x00, 0x00, 0x00, 0x01, 0xFF,
  0x60, 0x00, 0x00, 0x00, 0x00, 0x05, 0xFF, 0x20, 0x01, 0x00, 0x00, 0x00, 0x0C, 0xFD, 0x00, 0x0B,
  0xB2, 0x00, 0x00, 0xAF, 0xF5, 0x00, 0x3F, 0xFF, 0xCA, 0xBE, 0xFF, 0xA0, 0x00, 0x05, 0xEF, 0xFF,
  0xFF, 0xF9, 0x00, 0x00, 0x00, 0x04, 0x79, 0x97, 0x20, 0x00, 0x00, 0x02, 0x33, 0x33, 0x33, 0x33,
  0x33, 0x10, 0xEF, 0xFF, 0xFF, 0xFF, 0xFF, 0xF7, 0x0E, 0xFF, 0xFF, 0xFF, 0xFF, 0xFF, 0x70, 0x11,
  0x11, 0x11, 0x11, 0xDF, 0xE1, 0x00, 0x00, 0x00, 0x00, 0x7F, 0xF5, 0x00, 0x00, 0x00, 0x00, 0x3F,
  0xFA, 0x00, 0x00, 0x00, 0x00, 0x0D, 0xFD, 0x00, 0x00, 0x00, 0x00, 0x0A, 0xFF, 0x30, 0x00, 0x00,
  0x00, 0x05, 0xFF, 0x70, 0x00, 0x00, 0x00, 0x02, 0xFF, 0xC0, 0x00, 0x00, 0x00, 0x00, 0xCF, 0xF2,
  0x00, 0x00, 0x00, 0x00, 0x8F, 0xF5, 0x00, 0x00, 0x00, 0x00, 0x3F, 0xFA, 0x00, 0x00, 0x00, 0x00,
  0x1E, 0xFD, 0x00, 0x00, 0x00, 0x00, 0x0A, 0xFF, 0x30, 0x00, 0x00, 0x00, 0x06, 0xFF, 0xC6, 0x66,
  0x66, 0x66, 0x61, 0x8F, 0xFF, 0xFF, 0xFF, 0xFF, 0xFF, 0x45, 0xFF, 0xFF, 0xFF, 0xFF, 0xFF, 0xF4,
  0x00, 0x00, 0x01, 0x10, 0x00, 0x00, 0x7E, 0xFF, 0xE5, 0x00, 0x7F, 0xFA, 0xBF, 0x60, 0x0E, 0xF8,
  0x00, 0x30, 0x02, 0xFF, 0x50, 0x00, 0x00, 0x1F, 0xF6, 0x00, 0x00, 0x00, 0xEF, 0xB0, 0x00, 0x00,
  0x09, 0xFF, 0x20, 0x00, 0x00, 0x3F, 0xF8, 0x00, 0x00, 0x00, 0xDF, 0xD0, 0x00, 0x00, 0x0A, 0xFF,
  0x10, 0x00, 0x00, 0x9F, 0xF1, 0x00, 0x00, 0x0C, 0xFF, 0x00, 0x00, 0x05, 0xFF, 0x80, 0x00, 0x29,
  0xFF, 0xB0, 0x00, 0x06, 0xFF, 0xA0, 0x00, 0x00, 0x3C, 0xFF, 0xC1, 0x00, 0x00, 0x05, 0xFF, 0x90,
  0x00, 0x00, 0x0C, 0xFE, 0x00, 0x00, 0x00, 0x9F, 0xF0, 0x00, 0x00, 0x0A, 0xFF, 0x00, 0x00, 0x00,
  0xCF, 0xC0, 0x00, 0x00, 0x0F, 0xF7, 0x00, 0x00, 0x04, 0xFF, 0x20, 0x00, 0x00, 0x8F, 0xC0, 0x00,
  0x00, 0x0D, 0xF8, 0x00, 0x00, 0x00, 0xFF, 0x50, 0x00, 0x00, 0x1F, 0xF5, 0x00, 0x00, 0x00, 0xFF,
  0x80, 0x01, 0x00, 0x0A, 0xFF, 0xAB, 0xC0, 0x00, 0x1C, 0xFF, 0xFD, 0x00, 0x00, 0x05, 0x64, 0x00,
  0x66, 0x1F, 0xF2, 0xFF, 0x2F, 0xF2, 0xFF, 0x2F, 0xF2, 0xFF, 0x2F, 0xF2, 0xFF, 0x2F, 0xF2, 0xFF,
  0x2F, 0xF2, 0xFF, 0x2F, 0xF2, 0xFF, 0x2F, 0xF2, 0xFF, 0x2F, 0xF2, 0xFF, 0x2F, 0xF2, 0xFF, 0x2F,
  0xF2, 0xFF, 0x2F, 0xF2, 0xFF, 0x2F, 0xF2, 0xFF, 0x2F, 0xF2, 0xFF, 0x29, 0x91, 0x00, 0x3B, 0xD9,
  0x00, 0x00, 0x07, 0xFF, 0xF9, 0x00, 0x00, 0x45, 0x3E, 0xE0, 0x00, 0x00, 0x00, 0xAE, 0x00, 0x00,
  0x00, 0x0C, 0xD0, 0x00, 0x00, 0x00, 0xFB, 0x00, 0x00, 0x00, 0x3F, 0x80, 0x00, 0x00, 0x07, 0xF5,
  0x00, 0x00, 0x00, 0xBF, 0x20, 0x00, 0x00, 0x0F, 0xF0, 0x00, 0x00, 0x03, 0xFD, 0x00, 0x00, 0x00,
  0x5F, 0xC0, 0x00, 0x00, 0x04, 0xFD, 0x00, 0x00, 0x00, 0x1F, 0xF1, 0x00, 0x00, 0x00, 0xAF, 0xB2,
  0x00, 0x00, 0x00, 0x8F, 0xF3, 0x00, 0x00, 0x07, 0xEF, 0x30, 0x00, 0x07, 0xFD, 0x20, 0x00, 0x01,
  0xFF, 0x30, 0x00, 0x00, 0x5F, 0xE0, 0x00, 0x00, 0x06, 0xFC, 0x00, 0x00, 0x00, 0x4F, 0xE0, 0x00,
  0x00, 0x02, 0xFF, 0x10, 0x00, 0x00, 0x0E, 0xF5, 0x00, 0x00, 0x00, 0xAF, 0xA0, 0x00, 0x00, 0x06,
  0xFD, 0x00, 0x00, 0x00, 0x3F, 0xF0, 0x00, 0x10, 0x02, 0xFF, 0x00, 0x08, 0x60, 0x6F, 0xB0, 0x00,
  0xFF, 0xDF, 0xE2, 0x00, 0x02, 0x9B, 0x92, 0x00, 0x00, 0x01, 0x9B, 0x50, 0x09, 0xC3, 0x0B, 0xFF,
  0xF4, 0x0A, 0xF6, 0x2F, 0xF9, 0xFF, 0x6D, 0xF5, 0x5F, 0xC0, 0x7F, 0xFF, 0xF1, 0x5E, 0xC0, 0x07,
  0xEC, 0x30, 0x06, 0x60, 0x4F, 0xF4, 0x3F, 0xF3, 0x02, 0x20, 0x04, 0x50, 0x0E, 0xF1, 0x0E, 0xF1,
  0x0E, 0xF2, 0x0E, 0xF2, 0x0F, 0xF3, 0x0F, 0xF3, 0x0F, 0xF3, 0x0F, 0xF4, 0x0F, 0xF4, 0x0F, 0xF5,
  0x1F, 0xF5, 0x1F, 0xF6, 0x2F, 0xF7, 0x3F, 0xF7, 0x3F, 0xF8, 0x4F, 0xF9, 0x5F, 0xFA, 0x6F, 0xFA,
  0x7F, 0xFB, 0x8F, 0xFC, 0x7E, 0xFD, 0x00, 0x01, 0x00, 0x00, 0x26, 0x50, 0x00, 0x00, 0x00, 0x00,
  0x6F, 0xD0, 0x00, 0x00, 0x00, 0x00, 0x6F, 0xC0, 0x00, 0x00, 0x00, 0x00, 0x6F, 0xB0, 0x00, 0x00,
  0x00, 0x00, 0x6F, 0xB0, 0x00, 0x00, 0x00, 0x00, 0xBF, 0xF3, 0x00, 0x00, 0x00, 0x3E, 0xFF, 0xFF,
  0xC1, 0x00, 0x01, 0xEF, 0xD9, 0xAF, 0xFD, 0x00, 0x09, 0xFC, 0x00, 0x01, 0xDF, 0x80, 0x0E, 0xF4,
  0x00, 0x00, 0x3F, 0xE0, 0x2F, 0xF0, 0x00, 0x00, 0x0E, 0xC1, 0x3F, 0xE0, 0x00, 0x00, 0x00, 0x00,
  0x3F, 0xE0, 0x00, 0x00, 0x00, 0x00, 0x1F, 0xF0, 0x00, 0x00, 0x00, 0x00, 0x0E, 0xF5, 0x00, 0x00,
  0x0A, 0x40, 0x09, 0xFC, 0x00, 0x00, 0x6F, 0xD0, 0x02, 0xFF, 0xA0, 0x06, 0xFF, 0x50, 0x00, 0x6F,
  0xFF, 0xFF, 0xF6, 0x00, 0x00, 0x04, 0xFF, 0xFA, 0x20, 0x00, 0x00, 0x00, 0x2F, 0xB0, 0x00, 0x00,
  0x00, 0x00, 0x2F, 0xB0, 0x00, 0x00, 0x00, 0x00, 0x2F, 0xB0, 0x00, 0x00, 0x00, 0x00, 0x16, 0x40,
  0x00, 0x00, 0x00, 0x2B, 0xEF, 0xD5, 0x00, 0x2F, 0xF9, 0x7F, 0xF5, 0x0A, 0xFC, 0x00, 0x9F, 0xC0,
  0xDF, 0x80, 0x06, 0xFF, 0x0F, 0xF7, 0x00, 0x7F, 0xD0, 0xFF, 0x70, 0x04, 0x97, 0x0F, 0xF7, 0x00,
  0x00, 0x00, 0xEF, 0x70, 0x00, 0x00, 0x0E, 0xF7, 0x00, 0x00, 0x06, 0xFF, 0xE7, 0x20, 0x00, 0xEF,
  0xFF, 0xF4, 0x00, 0x07, 0xFF, 0xF8, 0x20, 0x00, 0x0E, 0xF6, 0x00, 0x00, 0x00, 0xEF, 0x60, 0x00,
  0x00, 0x0E, 0xF7, 0x11, 0x11, 0x10, 0xEF, 0xFF, 0xFF, 0xFC, 0x0E, 0xFF, 0xFF, 0xFF, 0xB0, 0x22,
  0x11, 0x00, 0x00, 0x06, 0x10, 0x13, 0x20, 0x08, 0x07, 0xFC, 0xBF, 0xFF, 0xDC, 0xF8, 0x3F, 0xFF,
  0xB7, 0xAF, 0xFC, 0x00, 0x8F, 0x90, 0x00, 0x8F, 0x90, 0x0C, 0xF3, 0x00, 0x01, 0xFD, 0x00, 0xDF,
  0x10, 0x00, 0x0F, 0xF0, 0x0C, 0xF3, 0x00, 0x01, 0xFE, 0x00, 0x9F, 0x80, 0x00, 0x7F, 0xA0, 0x2E,
  0xFF, 0x83, 0x7F, 0xFD, 0x15, 0xFC, 0xFF, 0xFF, 0xFE, 0xF8, 0x06, 0x01, 0x79, 0x72, 0x28, 0x00,
  0x19, 0xA8, 0x00, 0x00, 0x8B, 0xB2, 0x0E, 0xFF, 0x00, 0x00, 0xEF, 0xE0, 0x09, 0xFF, 0x30, 0x03,
  0xFF, 0x80, 0x03, 0xFF, 0x70, 0x07, 0xFF, 0x20, 0x00, 0xDF, 0xB0, 0x0B, 0xFD, 0x00, 0x00, 0x8F,
  0xF0, 0x0F, 0xF7, 0x00, 0x00, 0x2F, 0xF3, 0x4F, 0xF1, 0x00, 0x00, 0x0B, 0xF8, 0x9F, 0xA0, 0x00,
  0x00, 0x04, 0xFC, 0xEF, 0x40, 0x00, 0x00, 0x12, 0xFF, 0xFF, 0x21, 0x00, 0x00, 0x9F, 0xFF, 0xFF,
  0xF7, 0x00, 0x00, 0x8D, 0xFF, 0xFE, 0xA4, 0x00, 0x00, 0x49, 0xCF, 0xFB, 0x94, 0x00, 0x00, 0x8F,
  0xFF, 0xFF, 0xF7, 0x00, 0x00, 0x25, 0x7F, 0xF5, 0x52, 0x00, 0x00, 0x00, 0x1F, 0xF0, 0x00, 0x00,
  0x00, 0x00, 0x1F, 0xE0, 0x00, 0x00, 0x00, 0x00, 0x01, 0x00, 0x00, 0x00, 0x16, 0x63, 0x3F, 0xF8,
  0x3F, 0xF8, 0x3F, 0xF7, 0x3F, 0xF7, 0x3F, 0xF6, 0x3F, 0xF6, 0x3F, 0xF6, 0x3F, 0xF5, 0x3F, 0xF5,
  0x3F, 0xF4, 0x3F, 0xF4, 0x2F, 0xF4, 0x00, 0x00, 0x00, 0x00, 0x00, 0x00, 0x00, 0x00, 0x07, 0x82,
  0x0D, 0xF5, 0x0D, 0xF5, 0x0D, 0xF5, 0x0D, 0xF5, 0x0D, 0xF5, 0x0D, 0xF5, 0x0D, 0xF5, 0x0D, 0xF5,
  0x0D, 0xF5, 0x0D, 0xF5, 0x0D, 0xF5, 0x07, 0x93, 0x00, 0x00, 0x59, 0xBB, 0xA7, 0x20, 0x00, 0x00,
  0x03, 0xDF, 0xFF, 0xFF, 0xFF, 0xA1, 0x00, 0x03, 0xFF, 0xFB, 0x43, 0x7E, 0xFF, 0xD0, 0x00, 0xDF,
  0xFA, 0x00, 0x00, 0x2F, 0xFF, 0x80, 0x4F, 0xFF, 0x10, 0x00, 0x00, 0x7F, 0xFF, 0x09, 0xFF, 0xA0,
  0x00, 0x00, 0x02, 0xFF, 0xF3, 0xCF, 0xF7, 0x00, 0x00, 0x00, 0x0F, 0xFF, 0x5E, 0xFF, 0x50, 0x00,
  0x00, 0x00, 0xFF, 0xF4, 0xDF, 0xF6, 0x00, 0x00, 0x00, 0x1F, 0xFF, 0x1B, 0xFF, 0xB0, 0x00, 0x00,
  0x02, 0xBD, 0xE0, 0x5F, 0xFF, 0x30, 0x00, 0x00, 0x00, 0x00, 0x00, 0xFF, 0xFC, 0x00, 0x00, 0x00,
  0x00, 0x00, 0x0F, 0xFF, 0xFB, 0x00, 0x00, 0x00, 0x00, 0x00, 0xFF, 0xFF, 0xFD, 0x20, 0x00, 0x00,
  0x00, 0x2F, 0xFF, 0xCF, 0xFF, 0x60, 0x00, 0x00, 0x03, 0xFF, 0xF1, 0x7F, 0xFF, 0xB1, 0x00, 0x00,
  0x2F, 0xFF, 0x30, 0x2D, 0xFF, 0xD2, 0x00, 0x00, 0xEF, 0xF8, 0x00, 0x0B, 0xFF, 0xE1, 0x00, 0x07,
  0xFF, 0xF2, 0x00, 0x0B, 0xFF, 0xA0, 0x00, 0x0D, 0xFF, 0xD2, 0x00, 0x1F, 0xFF, 0x10, 0x00, 0x1C,
  0xFF, 0xE5, 0x00, 0xCF, 0xF4, 0x00, 0x00, 0x09, 0xFF, 0xFA, 0x0C, 0xFF, 0x30, 0x00, 0x00, 0x03,
  0xDF, 0xFF, 0xFF, 0xF0, 0x00, 0x00, 0x00, 0x00, 0x8F, 0xFF, 0xF8, 0x00, 0x00, 0x00, 0x00, 0x00,
  0x6F, 0xFF, 0x30, 0x00, 0x00, 0x00, 0x00, 0x00, 0x9F, 0xFC, 0x00, 0xAF, 0xE6, 0x00, 0x00, 0x00,
  0xFF, 0xF2, 0x08, 0xFF, 0x90, 0x00, 0x00, 0x0C, 0xFF, 0x40, 0x4F, 0xFC, 0x00, 0x00, 0x00, 0xDF,
  0xF3, 0x00, 0xDF, 0xF4, 0x00, 0x00, 0x4F, 0xFE, 0x00, 0x02, 0xEF, 0xE6, 0x22, 0x7F, 0xFF, 0x60,
  0x00, 0x02, 0xCF, 0xFF, 0xFF, 0xFF, 0x70, 0x00, 0x00, 0x00, 0x38, 0xAB, 0xA7, 0x10, 0x00, 0x00,
  0x17, 0x30, 0x01, 0x73, 0x0D, 0xFF, 0x10, 0xBF, 0xF2, 0xEF, 0xF2, 0x0D, 0xFF, 0x44, 0xB7, 0x00,
  0x3B, 0x80, 0x00, 0x00, 0x02, 0x67, 0x63, 0x00, 0x00, 0x00, 0x00, 0x3C, 0xFD, 0xBD, 0xFD, 0x40,
  0x00, 0x00, 0x4F, 0xC2, 0x00, 0x01, 0xBF, 0x60, 0x00, 0x1F, 0xC0, 0x01, 0x44, 0x00, 0xBF, 0x30,
  0x0A, 0xF2, 0x08, 0xFF, 0xFE, 0x21, 0xFB, 0x01, 0xFA, 0x06, 0xFA, 0x12, 0xEC, 0x0A, 0xF1, 0x5F,
  0x50, 0xDF, 0x00, 0x08, 0xF2, 0x6F, 0x58, 0xF2, 0x2F, 0xB0, 0x00, 0x5F, 0x33, 0xF8, 0x9F, 0x14,
  0xF8, 0x00, 0x00, 0x00, 0x2F, 0x9A, 0xF0, 0x5F, 0x70, 0x00, 0x00, 0x01, 0xF9, 0x9F, 0x15, 0xF7,
  0x00, 0x00, 0x00, 0x2F, 0x98, 0xF2, 0x4F, 0x80, 0x00, 0x00, 0x03, 0xF8, 0x6F, 0x42, 0xFA, 0x00,
  0x02, 0x30, 0x6F, 0x52, 0xF8, 0x0D, 0xE0, 0x00, 0xBC, 0x09, 0xF2, 0x0D, 0xD0, 0x6F, 0x80, 0x4F,
  0x50, 0xED, 0x00, 0x6F, 0x50, 0x8F, 0xEF, 0x80, 0x6F, 0x60, 0x00, 0xDE, 0x10, 0x13, 0x10, 0x1E,
  0xD0, 0x00, 0x02, 0xFD, 0x20, 0x00, 0x2D, 0xF2, 0x00, 0x00, 0x03, 0xDF, 0xB9, 0xBF, 0xD3, 0x00,
  0x00, 0x00, 0x00, 0x6A, 0xCA, 0x60, 0x00, 0x00, 0x00, 0x4B, 0xED, 0x80, 0x00, 0x7F, 0xFD, 0xEF,
  0xB0, 0x1F, 0xF4, 0x00, 0xCF, 0x43, 0xCA, 0x00, 0x04, 0xF9, 0x00, 0x14, 0x62, 0x2F, 0xB0, 0x7F,
  0xFF, 0xFD, 0xFB, 0x6F, 0xE7, 0x6B, 0xFF, 0xBD, 0xF4, 0x00, 0x07, 0xFB, 0xDF, 0x20, 0x00, 0x9F,
  0xAA, 0xFC, 0x45, 0xCF, 0xF9, 0x1D, 0xFF, 0xFF, 0xBF, 0x80, 0x04, 0x76, 0x20, 0x42, 0x45, 0x55,
  0x55, 0x55, 0x3D, 0xFF, 0xFF, 0xFF, 0xF9, 0x57, 0x77, 0x77, 0x77, 0x40, 0x00, 0x00, 0x04, 0x00,
  0x00, 0x04, 0x00, 0x00, 0x1A, 0xE0, 0x00, 0x1B, 0xE0, 0x00, 0x5E, 0xFF, 0x00, 0x5E, 0xFF, 0x00,
  0xAF, 0xFF, 0xA1, 0xAF, 0xFF, 0x90, 0x2F, 0xC6, 0x00, 0x3F, 0xB5, 0x00, 0x02, 0xFD, 0x40, 0x03,
  0xFC, 0x40, 0x00, 0x1E, 0xFF, 0xC3, 0x1E, 0xFF, 0xB3, 0x00, 0x0A, 0xFF, 0xF4, 0x1A, 0xFF, 0xF4,
  0x00, 0x05, 0xEE, 0x00, 0x05, 0xFE, 0x00, 0x00, 0x01, 0x50, 0x00, 0x02, 0x40, 0x7E, 0xEE, 0xEE,
  0xEE, 0xEE, 0xE7, 0x8F, 0xFF, 0xFF, 0xFF, 0xFF, 0xF8, 0x49, 0x99, 0x99, 0x99, 0x9F, 0xF8, 0x00,
  0x00, 0x00, 0x00, 0x0E, 0xF8, 0x00, 0x00, 0x00, 0x00, 0x0E, 0xF8, 0x00, 0x00, 0x00, 0x00, 0x0E,
  0xF8, 0x00, 0x00, 0x00, 0x00, 0x0E, 0xF8, 0x00, 0x00, 0x00, 0x00, 0x06, 0x73, 0x6E, 0xEE, 0xEE,
  0xEE, 0xEE, 0xE5, 0x7F, 0xFF, 0xFF, 0xFF, 0xFF, 0xF6, 0x49, 0x99, 0x99, 0x99, 0x99, 0x93, 0x00,
  0x04, 0x8A, 0x83, 0x00, 0x00, 0x0B, 0xE9, 0x79, 0xFA, 0x00, 0x0A, 0xD3, 0x44, 0x13, 0xF8, 0x03,
  0xF4, 0xFF, 0xEF, 0x67, 0xF1, 0x9E, 0x0E, 0x90, 0xAF, 0x4F, 0x5C, 0xA0, 0xE7, 0x04, 0xF5, 0xF8,
  0xE9, 0x0E, 0x70, 0x6F, 0x3E, 0xAD, 0x90, 0xE6, 0x3E, 0xA0, 0xE9, 0xCA, 0x0E, 0xFF, 0x80, 0x0F,
  0x89, 0xD0, 0xF6, 0xF5, 0x02, 0xF5, 0x5F, 0x3F, 0x4A, 0xD0, 0x7F, 0x10, 0xDB, 0xF3, 0x4F, 0x6E,
  0xA0, 0x04, 0xF8, 0x00, 0x1B, 0xE1, 0x00, 0x04, 0xEE, 0xCF, 0xD2, 0x00, 0x00, 0x00, 0x56, 0x40,
  0x00, 0x00, 0xAA, 0xAA, 0xAA, 0xAF, 0xFF, 0xFF, 0xFF, 0x99, 0x99, 0x99, 0x90, 0x00, 0x38, 0x71,
  0x00, 0x7F, 0xFF, 0xE2, 0x0F, 0xD2, 0x6F, 0xA2, 0xF9, 0x00, 0xFD, 0x0E, 0xE6, 0x9F, 0x90, 0x4E,
  0xFF, 0xC0, 0x00, 0x04, 0x30, 0x00, 0x00, 0x00, 0x13, 0x30, 0x00, 0x00, 0x00, 0x00, 0x6F, 0xF0,
  0x00, 0x00, 0x00, 0x00, 0x6F, 0xF0, 0x00, 0x00, 0x00, 0x00, 0x5F, 0xF0, 0x00, 0x00, 0x00, 0x00,
  0x5F, 0xF0, 0x00, 0x00, 0x6E, 0xEE, 0xFF, 0xFE, 0xEE, 0xE5, 0x7F, 0xFF, 0xFF, 0xFF, 0xFF, 0xF6,
  0x48, 0x87, 0xAF, 0xF5, 0x43, 0x31, 0x00, 0x00, 0x2F, 0xF0, 0x00, 0x00, 0x00, 0x00, 0x2F, 0xF0,
  0x00, 0x00, 0x00, 0x00, 0x1F, 0xF0, 0x00, 0x00, 0x00, 0x00, 0x09, 0x90, 0x00, 0x00, 0x00, 0x00,
  0x00, 0x00, 0x00, 0x00, 0x37, 0x77, 0x77, 0x77, 0x77, 0x72, 0x7F, 0xFF, 0xFF, 0xFF, 0xFF, 0xF6,
  0x7F, 0xFF, 0xFF, 0xFF, 0xFF, 0xF6, 0x00, 0x00, 0x00, 0x00, 0x00, 0x00, 0x00, 0x13, 0x10, 0x00,
  0xAF, 0xFF, 0xB1, 0x7F, 0xB1, 0x8F, 0xAB, 0xF5, 0x02, 0xFE, 0xAF, 0x50, 0x3F, 0xF6, 0xA4, 0x08,
  0xFB, 0x00, 0x02, 0xFF, 0x40, 0x00, 0xCF, 0xA0, 0x00, 0xBF, 0xB0, 0x00, 0xBF, 0xB2, 0x11, 0x7F,
  0xFF, 0xFF, 0xB1, 0x44, 0x44, 0x43, 0x00, 0x13, 0x10, 0x00, 0x9F, 0xFF, 0xB1, 0x7F, 0xC4, 0xBF,
  0xAC, 0xF5, 0x02, 0xFE, 0xCF, 0x50, 0x4F, 0xE0, 0x02, 0x5D, 0xF8, 0x00, 0xAF, 0xFB, 0x02, 0x31,
  0x6F, 0xF4, 0xBF, 0x50, 0x9F, 0xA9, 0xF6, 0x0A, 0xF8, 0x2F, 0xFC, 0xFD, 0x10, 0x17, 0x85, 0x00,
  0x00, 0x01, 0x50, 0x00, 0x0C, 0xF4, 0x00, 0xAF, 0xFC, 0x09, 0xFF, 0xA0, 0x8F, 0xF6, 0x00, 0xAD,
  0x20, 0x00, 0x00, 0x00, 0x00, 0x07, 0x65, 0x00, 0x00, 0x00, 0x00, 0x10, 0x0F, 0xFF, 0x00, 0x00,
  0x00, 0x0F, 0xF3, 0x1F, 0xFD, 0x00, 0x00, 0x00, 0x2F, 0xF3, 0x2F, 0xFB, 0x00, 0x00, 0x00, 0x5F,
  0xF3, 0x3F, 0xF9, 0x00, 0x00, 0x00, 0x7F, 0xF3, 0x4F, 0xF8, 0x00, 0x00, 0x00, 0xBF, 0xF3, 0x5F,
  0xF6, 0x00, 0x00, 0x00, 0xEF, 0xF3, 0x5F, 0xF5, 0x00, 0x00, 0x02, 0xFF, 0xF3, 0x6F, 0xF4, 0x00,
  0x00, 0x06, 0xFF, 0xF3, 0xBF, 0xF7, 0x00, 0x00, 0x0A, 0xFF, 0xF3, 0xBF, 0xF8, 0x00, 0x00, 0x0F,
  0xFF, 0xF3, 0xAF, 0xF9, 0x00, 0x00, 0x4F, 0xFF, 0xF3, 0x9F, 0xFB, 0x00, 0x00, 0xAF, 0xFF, 0xF3,
  0x6F, 0xFE, 0x00, 0x02, 0xFF, 0xBF, 0xF3, 0x6F, 0xFF, 0x00, 0x0B, 0xFB, 0x8F, 0xF3, 0x6F, 0xFF,
  0x93, 0xAF, 0xF2, 0x8F, 0xF3, 0x6F, 0xFF, 0xFF, 0xFF, 0x50, 0x8F, 0xF3, 0x6F, 0xFF, 0xFF, 0xE4,
  0x00, 0x8F, 0xF3, 0x6F, 0xF4, 0x44, 0x00, 0x00, 0x12, 0x20, 0x6F, 0xF4, 0x00, 0x00, 0x00, 0x00,
  0x00, 0x6F, 0xF4, 0x00, 0x00, 0x00, 0x00, 0x00, 0x6F, 0xF4, 0x00, 0x00, 0x00, 0x00, 0x00, 0x6F,
  0xF4, 0x00, 0x00, 0x00, 0x00, 0x00, 0x6F, 0xF4, 0x00, 0x00, 0x00, 0x00, 0x00, 0x39, 0x92, 0x00,
  0x00, 0x00, 0x00, 0x00, 0x00, 0x00, 0x02, 0x7A, 0xBB, 0xA9, 0x86, 0x53, 0x20, 0x00, 0x02, 0xBF,
  0xFF, 0xFF, 0xFF, 0xFF, 0xFF, 0xFB, 0x00, 0x3E, 0xFF, 0xD8, 0x8F, 0xFF, 0xFD, 0xFF, 0xFB, 0x00,
  0xDF, 0xFB, 0x00, 0x0A, 0xFF, 0xC0, 0x3F, 0xFA, 0x07, 0xFF, 0xF1, 0x00, 0x08, 0xFF, 0xC0, 0x3F,
  0xFA, 0x0D, 0xFF, 0xA0, 0x00, 0x07, 0xFF, 0xC0, 0x3F, 0xF9, 0x0F, 0xFF, 0x70, 0x00, 0x06, 0xFF,
  0xC0, 0x3F, 0xF9, 0x2F, 0xFF, 0x60, 0x00, 0x05, 0xFF, 0xC0, 0x3F, 0xF8, 0x3F, 0xFF, 0x40, 0x00,
  0x04, 0xFF, 0xB0, 0x3F, 0xF8, 0x1F, 0xFF, 0x40, 0x00, 0x03, 0xFF, 0xB0, 0x3F, 0xF7, 0x0E, 0xFF,
  0x70, 0x00, 0x02, 0xFF, 0xB0, 0x3F, 0xF7, 0x0A, 0xFF, 0xB0, 0x00, 0x01, 0xFF, 0xB0, 0x3F, 0xF6,
  0x02, 0xFF, 0xF2, 0x00, 0x00, 0xFF, 0xB0, 0x3F, 0xF6, 0x00, 0x8F, 0xFC, 0x10, 0x00, 0xFF, 0xB0,
  0x3F, 0xF5, 0x00, 0x0B, 0xFF, 0xD5, 0x00, 0xFF, 0xB0, 0x3F, 0xF5, 0x00, 0x00, 0x9F, 0xFF, 0xFC,
  0xFF, 0xC0, 0x3F, 0xF4, 0x00, 0x00, 0x03, 0xAF, 0xFF, 0xFF, 0xC0, 0x3F, 0xF4, 0x00, 0x00, 0x00,
  0x00, 0x23, 0xEF, 0xC0, 0x3F, 0xF3, 0x00, 0x00, 0x00, 0x00, 0x00, 0xCF, 0xC0, 0x3F, 0xF3, 0x00,
  0x00, 0x00, 0x00, 0x00, 0xBF, 0xD0, 0x3F, 0xF2, 0x00, 0x00, 0x00, 0x00, 0x00, 0xBF, 0xD0, 0x3F,
  0xF2, 0x00, 0x00, 0x00, 0x00, 0x00, 0xAF, 0xD0, 0x3F, 0xF1, 0x00, 0x00, 0x00, 0x00, 0x00, 0xAF,
  0xE0, 0x3F, 0xF1, 0x00, 0x00, 0x00, 0x00, 0x00, 0x9F, 0xE0, 0x3F, 0xF0, 0x00, 0x00, 0x00, 0x00,
  0x00, 0x8E, 0xD0, 0x2D, 0xD0, 0x00, 0x00, 0x5F, 0xD0, 0x9F, 0xF2, 0x2B, 0x80, 0x00, 0x92, 0x00,
  0x3E, 0x00, 0x07, 0xEC, 0x10, 0x20, 0xF6, 0x3F, 0xDF, 0x40, 0x7B, 0x70, 0x00, 0x00, 0x00, 0x4E,
  0xF9, 0x4F, 0xFF, 0xA0, 0xAB, 0xFA, 0x00, 0x6F, 0xA0, 0x06, 0xFA, 0x00, 0x6F, 0xA0, 0x06, 0xFA,
  0x00, 0x6F, 0xA0, 0x06, 0xFA, 0x00, 0x6F, 0xA0, 0x03, 0x95, 0x00, 0x00, 0x12, 0x00, 0x00, 0x00,
  0x3C, 0xFF, 0xF9, 0x00, 0x02, 0xFF, 0xA7, 0xDF, 0xB0, 0x0A, 0xF8, 0x00, 0x1D, 0xF3, 0x0F, 0xF0,
  0x00, 0x08, 0xF8, 0x2F, 0xD0, 0x00, 0x05, 0xFA, 0x2F, 0xC0, 0x00, 0x05, 0xFA, 0x1F, 0xE0, 0x00,
  0x06, 0xF9, 0x0E, 0xF2, 0x00, 0x0A, 0xF6, 0x08, 0xF9, 0x00, 0x2F, 0xF1, 0x01, 0xEF, 0xA7, 0xEF,
  0x80, 0x00, 0x3D, 0xFF, 0xF9, 0x00, 0x00, 0x00, 0x45, 0x20, 0x00, 0x06, 0x66, 0x66, 0x66, 0x62,
  0x0F, 0xFF, 0xFF, 0xFF, 0xF6, 0x06, 0x66, 0x66, 0x66, 0x62, 0x04, 0x00, 0x00, 0x04, 0x00, 0x00,
  0x2F, 0xC1, 0x00, 0x3F, 0xB1, 0x00, 0x8F, 0xFF, 0x50, 0x9F, 0xFE, 0x50, 0x07, 0xEF, 0xFA, 0x07,
  0xFF, 0xF9, 0x00, 0x18, 0xFE, 0x00, 0x19, 0xFD, 0x00, 0x05, 0xCE, 0x00, 0x06, 0xDD, 0x29, 0xFF,
  0xF8, 0x2A, 0xFF, 0xF7, 0x4F, 0xFD, 0x30, 0x5F, 0xFD, 0x30, 0x3F, 0x90, 0x00, 0x3F, 0x80, 0x00,
  0x14, 0x00, 0x00, 0x13, 0x00, 0x00, 0x00, 0x00, 0x00, 0x00, 0x00, 0x00, 0x00, 0x00, 0x00, 0x00,
  0x00, 0x00, 0x00, 0x1E, 0xA0, 0x00, 0x01, 0xCF, 0xE0, 0x00, 0x00, 0x7F, 0xC0, 0x00, 0x0E, 0xFF,
  0xF0, 0x00, 0x00, 0xEF, 0x40, 0x00, 0x06, 0xBF, 0xF0, 0x00, 0x06, 0xFD, 0x00, 0x00, 0x00, 0x1F,
  0xF0, 0x00, 0x0D, 0xF5, 0x00, 0x00, 0x00, 0x1F, 0xF0, 0x00, 0x4F, 0xE0, 0x00, 0x00, 0x00, 0x1F,
  0xF0, 0x00, 0xBF, 0x70, 0x00, 0x00, 0x00, 0x1F, 0xF0, 0x02, 0xFE, 0x00, 0x00, 0x00, 0x00, 0x1F,
  0xF0, 0x09, 0xF8, 0x00, 0x05, 0x50, 0x00, 0x1F, 0xF0, 0x1F, 0xF1, 0x9A, 0x2F, 0xF1, 0x00, 0x1F,
  0xF0, 0x8F, 0x92, 0xFE, 0x0F, 0xF1, 0x00, 0x09, 0x80, 0xEF, 0x25, 0xFA, 0x0F, 0xF1, 0x00, 0x00,
  0x06, 0xFA, 0x08, 0xF6, 0x0F, 0xF1, 0x00, 0x00, 0x0D, 0xF3, 0x0C, 0xF2, 0x1F, 0xF1, 0x00, 0x00,
  0x4F, 0xB0, 0x0F, 0xFF, 0xFF, 0xF9, 0x00, 0x00, 0xBF, 0x40, 0x07, 0x77, 0x8F, 0xF5, 0x00, 0x03,
  0xFC, 0x00, 0x00, 0x00, 0x0F, 0xF1, 0x00, 0x0A, 0xF5, 0x00, 0x00, 0x00, 0x0F, 0xF1, 0x00, 0x1F,
  0xD0, 0x00, 0x00, 0x00, 0x0F, 0xF1, 0x00, 0x3A, 0x50, 0x00, 0x00, 0x00, 0x04, 0x40, 0x00, 0x00,
  0x00, 0x00, 0x00, 0x00, 0x00, 0x00, 0x00, 0x00, 0x00, 0x00, 0x00, 0x01, 0xEA, 0x00, 0x00, 0x01,
  0xCF, 0xE0, 0x00, 0x00, 0x7F, 0xC0, 0x00, 0x00, 0xEF, 0xFF, 0x00, 0x00, 0x0E, 0xF4, 0x00, 0x00,
  0x06, 0xBF, 0xF0, 0x00, 0x06, 0xFD, 0x00, 0x00, 0x00, 0x01, 0xFF, 0x00, 0x00, 0xDF, 0x50, 0x00,
  0x00, 0x00, 0x1F, 0xF0, 0x00, 0x4F, 0xE0, 0x00, 0x00, 0x00, 0x01, 0xFF, 0x00, 0x0B, 0xF7, 0x00,
  0x00, 0x00, 0x00, 0x1F, 0xF0, 0x02, 0xFE, 0x00, 0x00, 0x00, 0x00, 0x01, 0xFF, 0x00, 0x9F, 0x80,
  0x02, 0x10, 0x00, 0x00, 0x1F, 0xF0, 0x1F, 0xF1, 0x7F, 0xFF, 0xD3, 0x00, 0x01, 0xFF, 0x08, 0xF9,
  0x3F, 0xE2, 0x5F, 0xD0, 0x00, 0x09, 0x80, 0xEF, 0x27, 0xF9, 0x00, 0xEF, 0x30, 0x00, 0x00, 0x6F,
  0xA0, 0x6F, 0x90, 0x0E, 0xF3, 0x00, 0x00, 0x0D, 0xF3, 0x02, 0xB6, 0x04, 0xFF, 0x10, 0x00, 0x04,
  0xFB, 0x00, 0x00, 0x00, 0xDF, 0x90, 0x00, 0x00, 0xBF, 0x40, 0x00, 0x00, 0x9F, 0xD0, 0x00, 0x00,
  0x3F, 0xC0, 0x00, 0x00, 0x7F, 0xE2, 0x00, 0x00, 0x0A, 0xF5, 0x00, 0x00, 0x7F, 0xE3, 0x11, 0x00,
  0x01, 0xFD, 0x00, 0x00, 0x2F, 0xFF, 0xFF, 0xF0, 0x00, 0x3A, 0x50, 0x00, 0x00, 0x55, 0x55, 0x54,
  0x00, 0x00, 0x00, 0x00, 0x00, 0x00, 0x00, 0x00, 0x00, 0x00, 0x13, 0x10, 0x00, 0x00, 0x0B, 0xC3,
  0x00, 0x0B, 0xFF, 0xFA, 0x00, 0x00, 0x2F, 0xF1, 0x00, 0x9F, 0xB4, 0xDF, 0x80, 0x00, 0x9F, 0x90,
  0x00, 0xEF, 0x30, 0x4F, 0xC0, 0x01, 0xFF, 0x20, 0x00, 0xFE, 0x30, 0x6F, 0xC0, 0x08, 0xFA, 0x00,
  0x00, 0x00, 0x35, 0xEF, 0x60, 0x0E, 0xF3, 0x00, 0x00, 0x00, 0xCF, 0xF9, 0x00, 0x6F, 0xC0, 0x00,
  0x00, 0x33, 0x17, 0xFF, 0x20, 0xDF, 0x40, 0x00, 0x00, 0xDF, 0x30, 0xBF, 0x74, 0xFD, 0x00, 0x04,
  0x52, 0xBF, 0x30, 0xCF, 0x6B, 0xF5, 0x6A, 0x4B, 0xF6, 0x4F, 0xED, 0xFB, 0x3F, 0xE0, 0xDF, 0x4B,
  0xF6, 0x02, 0x78, 0x50, 0xAF, 0x70, 0xFF, 0x0B, 0xF6, 0x00, 0x00, 0x01, 0xFE, 0x03, 0xFB, 0x0B,
  0xF6, 0x00, 0x00, 0x08, 0xF8, 0x06, 0xF7, 0x0B, 0xF6, 0x00, 0x00, 0x0E, 0xF1, 0x0A, 0xFF, 0xFF,
  0xFF, 0x00, 0x00, 0x6F, 0x90, 0x05, 0x77, 0x7F, 0xFC, 0x00, 0x00, 0xDF, 0x20, 0x00, 0x00, 0x0B,
  0xF6, 0x00, 0x05, 0xFA, 0x00, 0x00, 0x00, 0x0B, 0xF6, 0x00, 0x0C, 0xF3, 0x00, 0x00, 0x00, 0x0B,
  0xF6, 0x00, 0x09, 0x90, 0x00, 0x00, 0x00, 0x03, 0x41, 0x00, 0x00, 0x00, 0x05, 0x60, 0x00, 0x00,
  0x00, 0x00, 0x00, 0x4F, 0xF5, 0x00, 0x00, 0x00, 0x00, 0x00, 0x2F, 0xF3, 0x00, 0x00, 0x00, 0x00,
  0x00, 0x02, 0x20, 0x00, 0x00, 0x00, 0x00, 0x00, 0x01, 0x10, 0x00, 0x00, 0x00, 0x00, 0x00, 0x0E,
  0xF2, 0x00, 0x00, 0x00, 0x00, 0x00, 0x0F, 0xF1, 0x00, 0x00, 0x00, 0x00, 0x00, 0x4F, 0xE0, 0x00,
  0x00, 0x00, 0x00, 0x00, 0xAF, 0x90, 0x00, 0x00, 0x00, 0x00, 0x02, 0xFF, 0x30, 0x00, 0x00, 0x00,
  0x00, 0x0B, 0xFC, 0x00, 0x00, 0x00, 0x00, 0x00, 0x7F, 0xF2, 0x00, 0x00, 0x00, 0x00, 0x04, 0xFF,
  0x80, 0x00, 0x00, 0x00, 0x00, 0x2E, 0xFD, 0x00, 0x00, 0x00, 0x00, 0x00, 0xBF, 0xF4, 0x00, 0x00,
  0x00, 0x00, 0x05, 0xFF, 0xC0, 0x00, 0x00, 0x00, 0x00, 0x0B, 0xFF, 0x50, 0x00, 0x00, 0x00, 0x00,
  0x1F, 0xFF, 0x00, 0x00, 0x00, 0x25, 0x84, 0x3F, 0xFD, 0x00, 0x00, 0x00, 0x5F, 0xF9, 0x4F, 0xFC,
  0x00, 0x00, 0x00, 0x3F, 0xFC, 0x3F, 0xFD, 0x00, 0x00, 0x00, 0x3F, 0xFE, 0x1F, 0xFE, 0x00, 0x00,
  0x00, 0x4F, 0xFD, 0x0D, 0xFF, 0x30, 0x00, 0x00, 0x8F, 0xFA, 0x07, 0xFF, 0xA0, 0x00, 0x00, 0xEF,
  0xF5, 0x00, 0xEF, 0xF7, 0x00, 0x1B, 0xFF, 0xC0, 0x00, 0x2E, 0xFF, 0xED, 0xFF, 0xFD, 0x10, 0x00,
  0x01, 0x9E, 0xFF, 0xFD, 0x70, 0x00, 0x00, 0x00, 0x00, 0x11, 0x00, 0x00, 0x00, 0x00, 0x02, 0x00,
  0x00, 0x00, 0x00, 0x00, 0x00, 0x08, 0xF4, 0x00, 0x00, 0x00, 0x00, 0x00, 0x03, 0xFF, 0xF4, 0x00,
  0x00, 0x00, 0x00, 0x00, 0x04, 0xEF, 0xF3, 0x00, 0x00, 0x00, 0x00, 0x00, 0x01, 0xBF, 0xF3, 0x00,
  0x00, 0x00, 0x00, 0x00, 0x00, 0x7F, 0x50, 0x00, 0x00, 0x00, 0x00, 0x00, 0x00, 0x10, 0x00, 0x00,
  0x00, 0x00, 0x00, 0x00, 0x9A, 0xBB, 0x60, 0x00, 0x00, 0x00, 0x00, 0x0F, 0xFF, 0xFB, 0x00, 0x00,
  0x00, 0x00, 0x03, 0xFF, 0xFF, 0xF0, 0x00, 0x00, 0x00, 0x00, 0x6F, 0xFE, 0xFF, 0x20, 0x00, 0x00,
  0x00, 0x0A, 0xFF, 0x7F, 0xF5, 0x00, 0x00, 0x00, 0x00, 0xDF, 0xF1, 0xFF, 0x90, 0x00, 0x00, 0x00,
  0x0F, 0xFC, 0x0E, 0xFC, 0x00, 0x00, 0x00, 0x03, 0xFF, 0x80, 0xBF, 0xF0, 0x00, 0x00, 0x00, 0x6F,
  0xF5, 0x07, 0xFF, 0x30, 0x00, 0x00, 0x09, 0xFF, 0x10, 0x4F, 0xF6, 0x00, 0x00, 0x00, 0xDF, 0xE0,
  0x01, 0xFF, 0x90, 0x00, 0x00, 0x0F, 0xFB, 0x00, 0x0E, 0xFD, 0x00, 0x00, 0x03, 0xFF, 0x80, 0x00,
  0xBF, 0xF0, 0x00, 0x00, 0x6F, 0xF5, 0x00, 0x08, 0xFF, 0x40, 0x00, 0x09, 0xFF, 0x10, 0x00, 0x5F,
  0xF8, 0x00, 0x00, 0xDF, 0xE0, 0x00, 0x02, 0xFF, 0xC0, 0x00, 0x0F, 0xFB, 0x00, 0x00, 0x0E, 0xFF,
  0x00, 0x03, 0xFF, 0xD9, 0x99, 0x99, 0xEF, 0xF3, 0x00, 0x7F, 0xFF, 0xFF, 0xFF, 0xFF, 0xFF, 0x70,
  0x0A, 0xFF, 0xCB, 0xBB, 0xBB, 0xDF, 0xFB, 0x00, 0xEF, 0xF0, 0x00, 0x00, 0x02, 0xFF, 0xF0, 0x2F,
  0xFC, 0x00, 0x00, 0x00, 0x0F, 0xFF, 0x35, 0xFF, 0x90, 0x00, 0x00, 0x00, 0xCF, 0xF7, 0x9F, 0xF7,
  0x00, 0x00, 0x00, 0x09, 0xFF, 0xA2, 0x33, 0x10, 0x00, 0x00, 0x00, 0x13, 0x33, 0x00, 0x00, 0x00,
  0x00, 0x00, 0x05, 0x00, 0x00, 0x00, 0x00, 0x00, 0x00, 0x0B, 0xF5, 0x00, 0x00, 0x00, 0x00, 0x00,
  0x09, 0xFF, 0xD0, 0x00, 0x00, 0x00, 0x00, 0x08, 0xFF, 0xB1, 0x00, 0x00, 0x00, 0x00, 0x06, 0xFF,
  0x70, 0x00, 0x00, 0x00, 0x00, 0x00, 0x9D, 0x30, 0x00, 0x00, 0x00, 0x00, 0x00, 0x00, 0x00, 0x00,
  0x00, 0x00, 0x00, 0x00, 0x9A, 0xBB, 0x60, 0x00, 0x00, 0x00, 0x00, 0x0F, 0xFF, 0xFB, 0x00, 0x00,
  0x00, 0x00, 0x03, 0xFF, 0xFF, 0xF0, 0x00, 0x00, 0x00, 0x00, 0x6F, 0xFE, 0xFF, 0x20, 0x00, 0x00,
  0x00, 0x0A, 0xFF, 0x7F, 0xF5, 0x00, 0x00, 0x00, 0x00, 0xDF, 0xF1, 0xFF, 0x90, 0x00, 0x00, 0x00,
  0x0F, 0xFC, 0x0E, 0xFC, 0x00, 0x00, 0x00, 0x03, 0xFF, 0x80, 0xBF, 0xF0, 0x00, 0x00, 0x00, 0x6F,
  0xF5, 0x07, 0xFF, 0x30, 0x00, 0x00, 0x09, 0xFF, 0x10, 0x4F, 0xF6, 0x00, 0x00, 0x00, 0xDF, 0xE0,
  0x01, 0xFF, 0x90, 0x00, 0x00, 0x0F, 0xFB, 0x00, 0x0E, 0xFD, 0x00, 0x00, 0x03, 0xFF, 0x80, 0x00,
  0xBF, 0xF0, 0x00, 0x00, 0x6F, 0xF5, 0x00, 0x08, 0xFF, 0x40, 0x00, 0x09, 0xFF, 0x10, 0x00, 0x5F,
  0xF8, 0x00, 0x00, 0xDF, 0xE0, 0x00, 0x02, 0xFF, 0xC0, 0x00, 0x0F, 0xFB, 0x00, 0x00, 0x0E, 0xFF,
  0x00, 0x03, 0xFF, 0xD9, 0x99, 0x99, 0xEF, 0xF3, 0x00, 0x7F, 0xFF, 0xFF, 0xFF, 0xFF, 0xFF, 0x70,
  0x0A, 0xFF, 0xCB, 0xBB, 0xBB, 0xDF, 0xFB, 0x00, 0xEF, 0xF0, 0x00, 0x00, 0x02, 0xFF, 0xF0, 0x2F,
  0xFC, 0x00, 0x00, 0x00, 0x0F, 0xFF, 0x35, 0xFF, 0x90, 0x00, 0x00, 0x00, 0xCF, 0xF7, 0x9F, 0xF7,
  0x00, 0x00, 0x00, 0x09, 0xFF, 0xA2, 0x33, 0x10, 0x00, 0x00, 0x00, 0x13, 0x33, 0x00, 0x00, 0x00,
  0x89, 0x10, 0x00, 0x00, 0x00, 0x00, 0x00, 0x5F, 0xF9, 0x00, 0x00, 0x00, 0x00, 0x00, 0x0D, 0xFF,
  0xF2, 0x00, 0x00, 0x00, 0x00, 0x06, 0xFC, 0x7F, 0xA0, 0x00, 0x00, 0x00, 0x00, 0xEF, 0x61, 0xFF,
  0x20, 0x00, 0x00, 0x00, 0x19, 0xF1, 0x09, 0xC2, 0x00, 0x00, 0x00, 0x00, 0x01, 0x00, 0x00, 0x00,
  0x00, 0x00, 0x00, 0x00, 0x9A, 0xBB, 0x60, 0x00, 0x00, 0x00, 0x00, 0x0F, 0xFF, 0xFB, 0x00, 0x00,
  0x00, 0x00, 0x03, 0xFF, 0xFF, 0xF0, 0x00, 0x00, 0x00, 0x00, 0x6F, 0xFE, 0xFF, 0x20, 0x00, 0x00,
  0x00, 0x0A, 0xFF, 0x7F, 0xF5, 0x00, 0x00, 0x00, 0x00, 0xDF, 0xF1, 0xFF, 0x90, 0x00, 0x00, 0x00,
  0x0F, 0xFC, 0x0E, 0xFC, 0x00, 0x00, 0x00, 0x03, 0xFF, 0x80, 0xBF, 0xF0, 0x00, 0x00, 0x00, 0x6F,
  0xF5, 0x07, 0xFF, 0x30, 0x00, 0x00, 0x09, 0xFF, 0x10, 0x4F, 0xF6, 0x00, 0x00, 0x00, 0xDF, 0xE0,
  0x01, 0xFF, 0x90, 0x00, 0x00, 0x0F, 0xFB, 0x00, 0x0E, 0xFD, 0x00, 0x00, 0x03, 0xFF, 0x80, 0x00,
  0xBF, 0xF0, 0x00, 0x00, 0x6F, 0xF5, 0x00, 0x08, 0xFF, 0x40, 0x00, 0x09, 0xFF, 0x10, 0x00, 0x5F,
  0xF8, 0x00, 0x00, 0xDF, 0xE0, 0x00, 0x02, 0xFF, 0xC0, 0x00, 0x0F, 0xFB, 0x00, 0x00, 0x0E, 0xFF,
  0x00, 0x03, 0xFF, 0xD9, 0x99, 0x99, 0xEF, 0xF3, 0x00, 0x7F, 0xFF, 0xFF, 0xFF, 0xFF, 0xFF, 0x70,
  0x0A, 0xFF, 0xCB, 0xBB, 0xBB, 0xDF, 0xFB, 0x00, 0xEF, 0xF0, 0x00, 0x00, 0x02, 0xFF, 0xF0, 0x2F,
  0xFC, 0x00, 0x00, 0x00, 0x0F, 0xFF, 0x35, 0xFF, 0x90, 0x00, 0x00, 0x00, 0xCF, 0xF7, 0x9F, 0xF7,
  0x00, 0x00, 0x00, 0x09, 0xFF, 0xA2, 0x33, 0x10, 0x00, 0x00, 0x00, 0x13, 0x33, 0x00, 0x00, 0x18,
  0x80, 0x05, 0xA3, 0x00, 0x00, 0x00, 0x0D, 0xFF, 0xC0, 0x6F, 0x70, 0x00, 0x00, 0x03, 0xFD, 0xAF,
  0xBC, 0xF6, 0x00, 0x00, 0x00, 0x5F, 0x80, 0xBF, 0xFE, 0x00, 0x00, 0x00, 0x03, 0x85, 0x00, 0x78,
  0x10, 0x00, 0x00, 0x00, 0x00, 0x9A, 0xBB, 0x60, 0x00, 0x00, 0x00, 0x00, 0x0F, 0xFF, 0xFB, 0x00,
  0x00, 0x00, 0x00, 0x03, 0xFF, 0xFF, 0xF0, 0x00, 0x00, 0x00, 0x00, 0x6F, 0xFE, 0xFF, 0x20, 0x00,
  0x00, 0x00, 0x0A, 0xFF, 0x7F, 0xF5, 0x00, 0x00, 0x00, 0x00, 0xDF, 0xF1, 0xFF, 0x90, 0x00, 0x00,
  0x00, 0x0F, 0xFC, 0x0E, 0xFC, 0x00, 0x00, 0x00, 0x03, 0xFF, 0x80, 0xBF, 0xF0, 0x00, 0x00, 0x00,
  0x6F, 0xF5, 0x07, 0xFF, 0x30, 0x00, 0x00, 0x09, 0xFF, 0x10, 0x4F, 0xF6, 0x00, 0x00, 0x00, 0xDF,
  0xE0, 0x01, 0xFF, 0x90, 0x00, 0x00, 0x0F, 0xFB, 0x00, 0x0E, 0xFD, 0x00, 0x00, 0x03, 0xFF, 0x80,
  0x00, 0xBF, 0xF0, 0x00, 0x00, 0x6F, 0xF5, 0x00, 0x08, 0xFF, 0x40, 0x00, 0x09, 0xFF, 0x10, 0x00,
  0x5F, 0xF8, 0x00, 0x00, 0xDF, 0xE0, 0x00, 0x02, 0xFF, 0xC0, 0x00, 0x0F, 0xFB, 0x00, 0x00, 0x0E,
  0xFF, 0x00, 0x03, 0xFF, 0xD9, 0x99, 0x99, 0xEF, 0xF3, 0x00, 0x7F, 0xFF, 0xFF, 0xFF, 0xFF, 0xFF,
  0x70, 0x0A, 0xFF, 0xCB, 0xBB, 0xBB, 0xDF, 0xFB, 0x00, 0xEF, 0xF0, 0x00, 0x00, 0x02, 0xFF, 0xF0,
  0x2F, 0xFC, 0x00, 0x00, 0x00, 0x0F, 0xFF, 0x35, 0xFF, 0x90, 0x00, 0x00, 0x00, 0xCF, 0xF7, 0x9F,
  0xF7, 0x00, 0x00, 0x00, 0x09, 0xFF, 0xA2, 0x33, 0x10, 0x00, 0x00, 0x00, 0x13, 0x33, 0x00, 0x00,
  0x65, 0x00, 0x05, 0x60, 0x00, 0x00, 0x00, 0x7F, 0xF6, 0x05, 0xFF, 0x80, 0x00, 0x00, 0x08, 0xFF,
  0x80, 0x7F, 0xFA, 0x00, 0x00, 0x00, 0x1A, 0xA1, 0x00, 0x9B, 0x20, 0x00, 0x00, 0x00, 0x00, 0x00,
  0x00, 0x00, 0x00, 0x00, 0x00, 0x00, 0x9A, 0xBB, 0x60, 0x00, 0x00, 0x00, 0x00, 0x0F, 0xFF, 0xFB,
  0x00, 0x00, 0x00, 0x00, 0x03, 0xFF, 0xFF, 0xF0, 0x00, 0x00, 0x00, 0x00, 0x6F, 0xFE, 0xFF, 0x20,
  0x00, 0x00, 0x00, 0x0A, 0xFF, 0x7F, 0xF5, 0x00, 0x00, 0x00, 0x00, 0xDF, 0xF1, 0xFF, 0x90, 0x00,
  0x00, 0x00, 0x0F, 0xFC, 0x0E, 0xFC, 0x00, 0x00, 0x00, 0x03, 0xFF, 0x80, 0xBF, 0xF0, 0x00, 0x00,
  0x00, 0x6F, 0xF5, 0x07, 0xFF, 0x30, 0x00, 0x00, 0x09, 0xFF, 0x10, 0x4F, 0xF6, 0x00, 0x00, 0x00,
  0xDF, 0xE0, 0x01, 0xFF, 0x90, 0x00, 0x00, 0x0F, 0xFB, 0x00, 0x0E, 0xFD, 0x00, 0x00, 0x03, 0xFF,
  0x80, 0x00, 0xBF, 0xF0, 0x00, 0x00, 0x6F, 0xF5, 0x00, 0x08, 0xFF, 0x40, 0x00, 0x09, 0xFF, 0x10,
  0x00, 0x5F, 0xF8, 0x00, 0x00, 0xDF, 0xE0, 0x00, 0x02, 0xFF, 0xC0, 0x00, 0x0F, 0xFB, 0x00, 0x00,
  0x0E, 0xFF, 0x00, 0x03, 0xFF, 0xD9, 0x99, 0x99, 0xEF, 0xF3, 0x00, 0x7F, 0xFF, 0xFF, 0xFF, 0xFF,
  0xFF, 0x70, 0x0A, 0xFF, 0xCB, 0xBB, 0xBB, 0xDF, 0xFB, 0x00, 0xEF, 0xF0, 0x00, 0x00, 0x02, 0xFF,
  0xF0, 0x2F, 0xFC, 0x00, 0x00, 0x00, 0x0F, 0xFF, 0x35, 0xFF, 0x90, 0x00, 0x00, 0x00, 0xCF, 0xF7,
  0x9F, 0xF7, 0x00, 0x00, 0x00, 0x09, 0xFF, 0xA2, 0x33, 0x10, 0x00, 0x00, 0x00, 0x13, 0x33, 0x00,
  0x00, 0x00, 0x14, 0x10, 0x00, 0x00, 0x00, 0x00, 0x00, 0x7F, 0xFF, 0x70, 0x00, 0x00, 0x00, 0x00,
  0x3F, 0xD7, 0xDF, 0x40, 0x00, 0x00, 0x00, 0x07, 0xF4, 0x04, 0xF8, 0x00, 0x00, 0x00, 0x00, 0x5F,
  0x91, 0x9F, 0x60, 0x00, 0x00, 0x00, 0x00, 0xFF, 0xFF, 0xF0, 0x00, 0x00, 0x00, 0x00, 0x0F, 0xFF,
  0xFC, 0x00, 0x00, 0x00, 0x00, 0x03, 0xFF, 0xFF, 0xF0, 0x00, 0x00, 0x00, 0x00, 0x6F, 0xFE, 0xFF,
  0x20, 0x00, 0x00, 0x00, 0x0A, 0xFF, 0x7F, 0xF5, 0x00, 0x00, 0x00, 0x00, 0xDF, 0xF1, 0xFF, 0x90,
  0x00, 0x00, 0x00, 0x0F, 0xFC, 0x0E, 0xFC, 0x00, 0x00, 0x00, 0x03, 0xFF, 0x80, 0xBF, 0xF0, 0x00,
  0x00, 0x00, 0x6F, 0xF5, 0x07, 0xFF, 0x30, 0x00, 0x00, 0x09, 0xFF, 0x10, 0x4F, 0xF6, 0x00, 0x00,
  0x00, 0xDF, 0xE0, 0x01, 0xFF, 0x90, 0x00, 0x00, 0x0F, 0xFB, 0x00, 0x0E, 0xFD, 0x00, 0x00, 0x03,
  0xFF, 0x80, 0x00, 0xBF, 0xF0, 0x00, 0x00, 0x6F, 0xF5, 0x00, 0x08, 0xFF, 0x40, 0x00, 0x09, 0xFF,
  0x10, 0x00, 0x5F, 0xF8, 0x00, 0x00, 0xDF, 0xE0, 0x00, 0x02, 0xFF, 0xC0, 0x00, 0x0F, 0xFB, 0x00,
  0x00, 0x0E, 0xFF, 0x00, 0x03, 0xFF, 0xD9, 0x99, 0x99, 0xEF, 0xF3, 0x00, 0x7F, 0xFF, 0xFF, 0xFF,
  0xFF, 0xFF, 0x70, 0x0A, 0xFF, 0xCB, 0xBB, 0xBB, 0xDF, 0xFB, 0x00, 0xEF, 0xF0, 0x00, 0x00, 0x02,
  0xFF, 0xF0, 0x2F, 0xFC, 0x00, 0x00, 0x00, 0x0F, 0xFF, 0x35, 0xFF, 0x90, 0x00, 0x00, 0x00, 0xCF,
  0xF7, 0x9F, 0xF7, 0x00, 0x00, 0x00, 0x09, 0xFF, 0xA2, 0x33, 0x10, 0x00, 0x00, 0x00, 0x13, 0x33,
  0x00, 0x00, 0x00, 0x00, 0x00, 0x8A, 0xAA, 0xAA, 0xAA, 0xAA, 0xAA, 0xA9, 0x00, 0x00, 0x00, 0x00,
  0x01, 0xFF, 0xFF, 0xFF, 0xFF, 0xFF, 0xFF, 0xFF, 0x00, 0x00, 0x00, 0x00, 0x08, 0xFF, 0xFF, 0xFA,
  0xAA, 0xAA, 0xAA, 0xAA, 0x00, 0x00, 0x00, 0x00, 0x0E, 0xFE, 0xFF, 0xE0, 0x00, 0x00, 0x00, 0x00,
  0x00, 0x00, 0x00, 0x00, 0x5F, 0xF8, 0xFF, 0xE0, 0x00, 0x00, 0x00, 0x00, 0x00, 0x00, 0x00, 0x00,
  0xBF, 0xF1, 0xFF, 0xE0, 0x00, 0x00, 0x00, 0x00, 0x00, 0x00, 0x00, 0x01, 0xFF, 0xA0, 0xFF, 0xE0,
  0x00, 0x00, 0x00, 0x00, 0x00, 0x00, 0x00, 0x08, 0xFF, 0x40, 0xFF, 0xE0, 0x00, 0x00, 0x00, 0x00,
  0x00, 0x00, 0x00, 0x0E, 0xFD, 0x00, 0xFF, 0xE0, 0x00, 0x00, 0x00, 0x00, 0x00, 0x00, 0x00, 0x4F,
  0xF6, 0x00, 0xFF, 0xE0, 0x00, 0x00, 0x00, 0x00, 0x00, 0x00, 0x00, 0xBF, 0xF0, 0x00, 0xFF, 0xE0,
  0x00, 0x00, 0x00, 0x00, 0x00, 0x00, 0x01, 0xFF, 0x90, 0x00, 0xFF, 0xE0, 0x00, 0x00, 0x00, 0x00,
  0x00, 0x00, 0x08, 0xFF, 0x30, 0x00, 0xFF, 0xE3, 0x33, 0x33, 0x33, 0x00, 0x00, 0x00, 0x0E, 0xFC,
  0x00, 0x00, 0xFF, 0xFF, 0xFF, 0xFF, 0xFF, 0x10, 0x00, 0x00, 0x5F, 0xF6, 0x00, 0x00, 0xFF, 0xFF,
  0xFF, 0xFF, 0xFF, 0x10, 0x00, 0x00, 0xBF, 0xF0, 0x00, 0x01, 0xFF, 0xD3, 0x33, 0x33, 0x33, 0x00,
  0x00, 0x02, 0xFF, 0x90, 0x00, 0x01, 0xFF, 0xC0, 0x00, 0x00, 0x00, 0x00, 0x00, 0x08, 0xFF, 0xB9,
  0x99, 0x9A, 0xFF, 0xC0, 0x00, 0x00, 0x00, 0x00, 0x00, 0x0E, 0xFF, 0xFF, 0xFF, 0xFF, 0xFF, 0xC0,
  0x00, 0x00, 0x00, 0x00, 0x00, 0x6F, 0xFD, 0xCB, 0xBB, 0xBC, 0xFF, 0xC0, 0x00, 0x00, 0x00, 0x00,
  0x00, 0xDF, 0xF1, 0x00, 0x00, 0x02, 0xFF, 0xC0, 0x00, 0x00, 0x00, 0x00, 0x04, 0xFF, 0xA0, 0x00,
  0x00, 0x02, 0xFF, 0xFC, 0xCC, 0xCC, 0xCC, 0xC7, 0x0B, 0xFF, 0x40, 0x00, 0x00, 0x02, 0xFF, 0xFF,
  0xFF, 0xFF, 0xFF, 0xF9, 0x2F, 0xFE, 0x00, 0x00, 0x00, 0x02, 0xDD, 0xDD, 0xDD, 0xDD, 0xDD, 0xD8,
  0x13, 0x32, 0x00, 0x00, 0x00, 0x00, 0x00, 0x00, 0x00, 0x00, 0x00, 0x00, 0x00, 0x00, 0x00, 0x46,
  0x87, 0x30, 0x00, 0x00, 0x00, 0x00, 0x7E, 0xFF, 0xFF, 0xFC, 0x20, 0x00, 0x00, 0x0B, 0xFF, 0xFF,
  0xEF, 0xFF, 0xE3, 0x00, 0x00, 0xAF, 0xFF, 0x70, 0x01, 0xBF, 0xFD, 0x00, 0x03, 0xFF, 0xF6, 0x00,
  0x00, 0x0D, 0xFF, 0x50, 0x0B, 0xFF, 0xC0, 0x00, 0x00, 0x05, 0xFF, 0xA0, 0x1F, 0xFF, 0x50, 0x00,
  0x00, 0x00, 0xFF, 0xE0, 0x5F, 0xFF, 0x00, 0x00, 0x00, 0x00, 0xDF, 0xF0, 0x8F, 0xFC, 0x00, 0x00,
  0x00, 0x00, 0xCE, 0xD0, 0xBF, 0xFA, 0x00, 0x00, 0x00, 0x00, 0x00, 0x00, 0xDF, 0xF8, 0x00, 0x00,
  0x00, 0x00, 0x00, 0x00, 0xEF, 0xF7, 0x00, 0x00, 0x00, 0x00, 0x00, 0x00, 0xEF, 0xF7, 0x00, 0x00,
  0x00, 0x00, 0x00, 0x00, 0xFF, 0xF6, 0x00, 0x00, 0x00, 0x00, 0x00, 0x00, 0xEF, 0xF7, 0x00, 0x00,
  0x00, 0x00, 0x00, 0x00, 0xDF, 0xF8, 0x00, 0x00, 0x00, 0x00, 0x00, 0x00, 0xBF, 0xFA, 0x00, 0x00,
  0x00, 0x00, 0x00, 0x00, 0x9F, 0xFC, 0x00, 0x00, 0x00, 0x00, 0x00, 0x00, 0x6F, 0xFF, 0x00, 0x00,
  0x00, 0x01, 0x54, 0x10, 0x1F, 0xFF, 0x30, 0x00, 0x00, 0x07, 0xFF, 0x30, 0x0C, 0xFF, 0x90, 0x00,
  0x00, 0x0C, 0xFF, 0x00, 0x05, 0xFF, 0xF2, 0x00, 0x00, 0x3F, 0xF9, 0x00, 0x00, 0xBF, 0xFD, 0x10,
  0x02, 0xDF, 0xF1, 0x00, 0x00, 0x1C, 0xFF, 0xFA, 0xAF, 0xFF, 0x50, 0x00, 0x00, 0x00, 0x8F, 0xFF,
  0xFF, 0xD3, 0x00, 0x00, 0x00, 0x00, 0x00, 0x4E, 0x83, 0x00, 0x00, 0x00, 0x00, 0x00, 0x00, 0x4F,
  0x10, 0x00, 0x00, 0x00, 0x00, 0x00, 0x00, 0x5B, 0xF3, 0x00, 0x00, 0x00, 0x00, 0x00, 0x00, 0x51,
  0xE7, 0x00, 0x00, 0x00, 0x00, 0x00, 0x03, 0xFF, 0xF4, 0x00, 0x00, 0x00, 0x00, 0x00, 0x00, 0x37,
  0x40, 0x00, 0x00, 0x00, 0x00, 0x20, 0x00, 0x00, 0x00, 0x00, 0x00, 0x2E, 0xB0, 0x00, 0x00, 0x00,
  0x00, 0x0C, 0xFF, 0xA0, 0x00, 0x00, 0x00, 0x00, 0x0A, 0xFF, 0xA0, 0x00, 0x00, 0x00, 0x00, 0x06,
  0xFF, 0x90, 0x00, 0x00, 0x00, 0x00, 0x02, 0xDB, 0x00, 0x00, 0x00, 0x00, 0x00, 0x00, 0x00, 0x00,
  0x00, 0x01, 0xAA, 0xAA, 0xAA, 0xAA, 0xAA, 0xA8, 0x2F, 0xFF, 0xFF, 0xFF, 0xFF, 0xFF, 0xE2, 0xFF,
  0xEA, 0xAA, 0xAA, 0xAA, 0xA9, 0x2F, 0xFC, 0x00, 0x00, 0x00, 0x00, 0x02, 0xFF, 0xC0, 0x00, 0x00,
  0x00, 0x00, 0x2F, 0xFC, 0x00, 0x00, 0x00, 0x00, 0x02, 0xFF, 0xC0, 0x00, 0x00, 0x00, 0x00, 0x2F,
  0xFC, 0x00, 0x00, 0x00, 0x00, 0x02, 0xFF, 0xC0, 0x00, 0x00, 0x00, 0x00, 0x2F, 0xFC, 0x00, 0x00,
  0x00, 0x00, 0x02, 0xFF, 0xC0, 0x00, 0x00, 0x00, 0x00, 0x2F, 0xFC, 0x00, 0x00, 0x00, 0x00, 0x02,
  0xFF, 0xD3, 0x33, 0x33, 0x33, 0x00, 0x2F, 0xFF, 0xFF, 0xFF, 0xFF, 0xF0, 0x02, 0xFF, 0xFF, 0xFF,
  0xFF, 0xFF, 0x00, 0x2F, 0xFB, 0x33, 0x33, 0x33, 0x30, 0x02, 0xFF, 0xA0, 0x00, 0x00, 0x00, 0x00,
  0x2F, 0xFA, 0x00, 0x00, 0x00, 0x00, 0x02, 0xFF, 0xA0, 0x00, 0x00, 0x00, 0x00, 0x2F, 0xFA, 0x00,
  0x00, 0x00, 0x00, 0x02, 0xFF, 0xA0, 0x00, 0x00, 0x00, 0x00, 0x2F, 0xFE, 0xCC, 0xCC, 0xCC, 0xCC,
  0x62, 0xFF, 0xFF, 0xFF, 0xFF, 0xFF, 0xF8, 0x2D, 0xDD, 0xDD, 0xDD, 0xDD, 0xDD, 0x60, 0x00, 0x00,
  0x00, 0x00, 0x00, 0x60, 0x00, 0x00, 0x00, 0x00, 0x00, 0x8F, 0x80, 0x00, 0x00, 0x00, 0x00, 0x6F,
  0xFF, 0x10, 0x00, 0x00, 0x00, 0x5F, 0xFC, 0x20, 0x00, 0x00, 0x00, 0x4F, 0xF9, 0x00, 0x00, 0x00,
  0x00, 0x06, 0xE5, 0x00, 0x00, 0x00, 0x00, 0x00, 0x01, 0x00, 0x00, 0x01, 0xAA, 0xAA, 0xAA, 0xAA,
  0xAA, 0xA8, 0x2F, 0xFF, 0xFF, 0xFF, 0xFF, 0xFF, 0xE2, 0xFF, 0xEA, 0xAA, 0xAA, 0xAA, 0xA9, 0x2F,
  0xFC, 0x00, 0x00, 0x00, 0x00, 0x02, 0xFF, 0xC0, 0x00, 0x00, 0x00, 0x00, 0x2F, 0xFC, 0x00, 0x00,
  0x00, 0x00, 0x02, 0xFF, 0xC0, 0x00, 0x00, 0x00, 0x00, 0x2F, 0xFC, 0x00, 0x00, 0x00, 0x00, 0x02,
  0xFF, 0xC0, 0x00, 0x00, 0x00, 0x00, 0x2F, 0xFC, 0x00, 0x00, 0x00, 0x00, 0x02, 0xFF, 0xC0, 0x00,
  0x00, 0x00, 0x00, 0x2F, 0xFC, 0x00, 0x00, 0x00, 0x00, 0x02, 0xFF, 0xD3, 0x33, 0x33, 0x33, 0x00,
  0x2F, 0xFF, 0xFF, 0xFF, 0xFF, 0xF0, 0x02, 0xFF, 0xFF, 0xFF, 0xFF, 0xFF, 0x00, 0x2F, 0xFB, 0x33,
  0x33, 0x33, 0x30, 0x02, 0xFF, 0xA0, 0x00, 0x00, 0x00, 0x00, 0x2F, 0xFA, 0x00, 0x00, 0x00, 0x00,
  0x02, 0xFF, 0xA0, 0x00, 0x00, 0x00, 0x00, 0x2F, 0xFA, 0x00, 0x00, 0x00, 0x00, 0x02, 0xFF, 0xA0,
  0x00, 0x00, 0x00, 0x00, 0x2F, 0xFE, 0xCC, 0xCC, 0xCC, 0xCC, 0x62, 0xFF, 0xFF, 0xFF, 0xFF, 0xFF,
  0xF8, 0x2D, 0xDD, 0xDD, 0xDD, 0xDD, 0xDD, 0x60, 0x00, 0x00, 0x01, 0x98, 0x00, 0x00, 0x00, 0x00,
  0x00, 0x9F, 0xF4, 0x00, 0x00, 0x00, 0x00, 0x2F, 0xFF, 0xD0, 0x00, 0x00, 0x00, 0x0A, 0xF7, 0xCF,
  0x50, 0x00, 0x00, 0x03, 0xFF, 0x15, 0xFD, 0x00, 0x00, 0x00, 0x3C, 0xC0, 0x0D, 0x90, 0x00, 0x00,
  0x00, 0x01, 0x00, 0x00, 0x00, 0x01, 0xAA, 0xAA, 0xAA, 0xAA, 0xAA, 0xA8, 0x2F, 0xFF, 0xFF, 0xFF,
  0xFF, 0xFF, 0xE2, 0xFF, 0xEA, 0xAA, 0xAA, 0xAA, 0xA9, 0x2F, 0xFC, 0x00, 0x00, 0x00, 0x00, 0x02,
  0xFF, 0xC0, 0x00, 0x00, 0x00, 0x00, 0x2F, 0xFC, 0x00, 0x00, 0x00, 0x00, 0x02, 0xFF, 0xC0, 0x00,
  0x00, 0x00, 0x00, 0x2F, 0xFC, 0x00, 0x00, 0x00, 0x00, 0x02, 0xFF, 0xC0, 0x00, 0x00, 0x00, 0x00,
  0x2F, 0xFC, 0x00, 0x00, 0x00, 0x00, 0x02, 0xFF, 0xC0, 0x00, 0x00, 0x00, 0x00, 0x2F, 0xFC, 0x00,
  0x00, 0x00, 0x00, 0x02, 0xFF, 0xD3, 0x33, 0x33, 0x33, 0x00, 0x2F, 0xFF, 0xFF, 0xFF, 0xFF, 0xF0,
  0x02, 0xFF, 0xFF, 0xFF, 0xFF, 0xFF, 0x00, 0x2F, 0xFB, 0x33, 0x33, 0x33, 0x30, 0x02, 0xFF, 0xA0,
  0x00, 0x00, 0x00, 0x00, 0x2F, 0xFA, 0x00, 0x00, 0x00, 0x00, 0x02, 0xFF, 0xA0, 0x00, 0x00, 0x00,
  0x00, 0x2F, 0xFA, 0x00, 0x00, 0x00, 0x00, 0x02, 0xFF, 0xA0, 0x00, 0x00, 0x00, 0x00, 0x2F, 0xFE,
  0xCC, 0xCC, 0xCC, 0xCC, 0x62, 0xFF, 0xFF, 0xFF, 0xFF, 0xFF, 0xF8, 0x2D, 0xDD, 0xDD, 0xDD, 0xDD,
  0xDD, 0x60, 0x00, 0x03, 0x71, 0x00, 0x37, 0x10, 0x00, 0x02, 0xFF, 0xB0, 0x1F, 0xFD, 0x00, 0x00,
  0x3F, 0xFD, 0x02, 0xFF, 0xF0, 0x00, 0x00, 0x8B, 0x30, 0x07, 0xB5, 0x00, 0x1A, 0xAA, 0xAA, 0xAA,
  0xAA, 0xAA, 0x82, 0xFF, 0xFF, 0xFF, 0xFF, 0xFF, 0xFE, 0x2F, 0xFE, 0xAA, 0xAA, 0xAA, 0xAA, 0x92,
  0xFF, 0xC0, 0x00, 0x00, 0x00, 0x00, 0x2F, 0xFC, 0x00, 0x00, 0x00, 0x00, 0x02, 0xFF, 0xC0, 0x00,
  0x00, 0x00, 0x00, 0x2F, 0xFC, 0x00, 0x00, 0x00, 0x00, 0x02, 0xFF, 0xC0, 0x00, 0x00, 0x00, 0x00,
  0x2F, 0xFC, 0x00, 0x00, 0x00, 0x00, 0x02, 0xFF, 0xC0, 0x00, 0x00, 0x00, 0x00, 0x2F, 0xFC, 0x00,
  0x00, 0x00, 0x00, 0x02, 0xFF, 0xC0, 0x00, 0x00, 0x00, 0x00, 0x2F, 0xFD, 0x33, 0x33, 0x33, 0x30,
  0x02, 0xFF, 0xFF, 0xFF, 0xFF, 0xFF, 0x00, 0x2F, 0xFF, 0xFF, 0xFF, 0xFF, 0xF0, 0x02, 0xFF, 0xB3,
  0x33, 0x33, 0x33, 0x00, 0x2F, 0xFA, 0x00, 0x00, 0x00, 0x00, 0x02, 0xFF, 0xA0, 0x00, 0x00, 0x00,
  0x00, 0x2F, 0xFA, 0x00, 0x00, 0x00, 0x00, 0x02, 0xFF, 0xA0, 0x00, 0x00, 0x00, 0x00, 0x2F, 0xFA,
  0x00, 0x00, 0x00, 0x00, 0x02, 0xFF, 0xEC, 0xCC, 0xCC, 0xCC, 0xC6, 0x2F, 0xFF, 0xFF, 0xFF, 0xFF,
  0xFF, 0x82, 0xDD, 0xDD, 0xDD, 0xDD, 0xDD, 0xD6, 0x00, 0x20, 0x00, 0x00, 0x00, 0x0B, 0xE2, 0x00,
  0x00, 0x00, 0x7F, 0xFD, 0x10, 0x00, 0x00, 0x07, 0xFF, 0xD1, 0x00, 0x00, 0x00, 0x3D, 0xFD, 0x10,
  0x00, 0x00, 0x00, 0xAE, 0x20, 0x00, 0x00, 0x32, 0x24, 0x22, 0x22, 0x02, 0xFF, 0xFF, 0xFF, 0xFA,
  0x01, 0xFF, 0xFF, 0xFF, 0xFA, 0x00, 0xB9, 0xFF, 0xF6, 0x00, 0x00, 0x00, 0xEF, 0xF4, 0x00, 0x00,
  0x00, 0xEF, 0xF3, 0x00, 0x00, 0x00, 0xEF, 0xF2, 0x00, 0x00, 0x00, 0xEF, 0xF1, 0x00, 0x00, 0x00,
  0xEF, 0xF0, 0x00, 0x00, 0x00, 0xEF, 0xF0, 0x00, 0x00, 0x00, 0xEF, 0xE0, 0x00, 0x00, 0x00, 0xEF,
  0xD0, 0x00, 0x00, 0x00, 0xEF, 0xB0, 0x00, 0x00, 0x00, 0xFF, 0xB0, 0x00, 0x00, 0x00, 0xFF, 0xA0,
  0x00, 0x00, 0x00, 0xFF, 0x90, 0x00, 0x00, 0x00, 0xFF, 0x80, 0x00, 0x00, 0x00, 0xFF, 0x70, 0x00,
  0x00, 0x00, 0xFF, 0x60, 0x00, 0x00, 0x00, 0xFF, 0x60, 0x00, 0x00, 0x00, 0xFF, 0x50, 0x00, 0x00,
  0x01, 0xFF, 0x40, 0x00, 0x02, 0xDD, 0xFF, 0xDD, 0xE0, 0x03, 0xFF, 0xFF, 0xFF, 0xF0, 0x02, 0xBB,
  0xBB, 0xBB, 0xB0, 0x00, 0x00, 0x00, 0x00, 0x51, 0x00, 0x00, 0x00, 0x00, 0x4F, 0xC0, 0x00, 0x00,
  0x00, 0x3F, 0xFF, 0x50, 0x00, 0x00, 0x2E, 0xFE, 0x40, 0x00, 0x00, 0x1D, 0xFC, 0x10, 0x00, 0x00,
  0x02, 0xF8, 0x00, 0x00, 0x03, 0x22, 0x23, 0x22, 0x20, 0x02, 0xFF, 0xFF, 0xFF, 0xFA, 0x00, 0x1F,
  0xFF, 0xFF, 0xFF, 0xA0, 0x00, 0xB9, 0xFF, 0xF6, 0x00, 0x00, 0x00, 0x0E, 0xFF, 0x40, 0x00, 0x00,
  0x00, 0xEF, 0xF3, 0x00, 0x00, 0x00, 0x0E, 0xFF, 0x20, 0x00, 0x00, 0x00, 0xEF, 0xF1, 0x00, 0x00,
  0x00, 0x0E, 0xFF, 0x00, 0x00, 0x00, 0x00, 0xEF, 0xF0, 0x00, 0x00, 0x00, 0x0E, 0xFE, 0x00, 0x00,
  0x00, 0x00, 0xEF, 0xD0, 0x00, 0x00, 0x00, 0x0E, 0xFB, 0x00, 0x00, 0x00, 0x00, 0xFF, 0xB0, 0x00,
  0x00, 0x00, 0x0F, 0xFA, 0x00, 0x00, 0x00, 0x00, 0xFF, 0x90, 0x00, 0x00, 0x00, 0x0F, 0xF8, 0x00,
  0x00, 0x00, 0x00, 0xFF, 0x70, 0x00, 0x00, 0x00, 0x0F, 0xF6, 0x00, 0x00, 0x00, 0x00, 0xFF, 0x60,
  0x00, 0x00, 0x00, 0x0F, 0xF5, 0x00, 0x00, 0x00, 0x01, 0xFF, 0x40, 0x00, 0x00, 0x2D, 0xDF, 0xFD,
  0xDE, 0x00, 0x03, 0xFF, 0xFF, 0xFF, 0xF0, 0x00, 0x2B, 0xBB, 0xBB, 0xBB, 0x00, 0x00, 0x00, 0x02,
  0x97, 0x00, 0x00, 0x00, 0xBF, 0xF3, 0x00, 0x00, 0x4F, 0xFF, 0xB0, 0x00, 0x0C, 0xF5, 0xDF, 0x30,
  0x05, 0xFF, 0x07, 0xFC, 0x00, 0x4D, 0xA0, 0x1E, 0x80, 0x03, 0x23, 0x22, 0x32, 0x22, 0xFF, 0xFF,
  0xFF, 0xFA, 0x1F, 0xFF, 0xFF, 0xFF, 0xA0, 0xB9, 0xFF, 0xF6, 0x00, 0x00, 0x0E, 0xFF, 0x40, 0x00,
  0x00, 0xEF, 0xF3, 0x00, 0x00, 0x0E, 0xFF, 0x20, 0x00, 0x00, 0xEF, 0xF1, 0x00, 0x00, 0x0E, 0xFF,
  0x00, 0x00, 0x00, 0xEF, 0xF0, 0x00, 0x00, 0x0E, 0xFE, 0x00, 0x00, 0x00, 0xEF, 0xD0, 0x00, 0x00,
  0x0E, 0xFB, 0x00, 0x00, 0x00, 0xFF, 0xB0, 0x00, 0x00, 0x0F, 0xFA, 0x00, 0x00, 0x00, 0xFF, 0x90,
  0x00, 0x00, 0x0F, 0xF8, 0x00, 0x00, 0x00, 0xFF, 0x70, 0x00, 0x00, 0x0F, 0xF6, 0x00, 0x00, 0x00,
  0xFF, 0x60, 0x00, 0x00, 0x0F, 0xF5, 0x00, 0x00, 0x01, 0xFF, 0x40, 0x00, 0x2D, 0xDF, 0xFD, 0xDE,
  0x03, 0xFF, 0xFF, 0xFF, 0xF0, 0x2B, 0xBB, 0xBB, 0xBB, 0x00, 0x04, 0x60, 0x00, 0x37, 0x14, 0xFF,
  0x90, 0x2F, 0xFB, 0x5F, 0xFB, 0x04, 0xFF, 0xD0, 0x9B, 0x20, 0x08, 0xB3, 0x03, 0x22, 0x22, 0x22,
  0x22, 0xFF, 0xFF, 0xFF, 0xFA, 0x1F, 0xFF, 0xFF, 0xFF, 0xA0, 0xB9, 0xFF, 0xF6, 0x00, 0x00, 0x0E,
  0xFF, 0x40, 0x00, 0x00, 0xEF, 0xF3, 0x00, 0x00, 0x0E, 0xFF, 0x20, 0x00, 0x00, 0xEF, 0xF1, 0x00,
  0x00, 0x0E, 0xFF, 0x00, 0x00, 0x00, 0xEF, 0xF0, 0x00, 0x00, 0x0E, 0xFE, 0x00, 0x00, 0x00, 0xEF,
  0xD0, 0x00, 0x00, 0x0E, 0xFB, 0x00, 0x00, 0x00, 0xFF, 0xB0, 0x00, 0x00, 0x0F, 0xFA, 0x00, 0x00,
  0x00, 0xFF, 0x90, 0x00, 0x00, 0x0F, 0xF8, 0x00, 0x00, 0x00, 0xFF, 0x70, 0x00, 0x00, 0x0F, 0xF6,
  0x00, 0x00, 0x00, 0xFF, 0x60, 0x00, 0x00, 0x0F, 0xF5, 0x00, 0x00, 0x01, 0xFF, 0x40, 0x00, 0x2D,
  0xDF, 0xFD, 0xDE, 0x03, 0xFF, 0xFF, 0xFF, 0xF0, 0x2B, 0xBB, 0xBB, 0xBB, 0x00, 0x00, 0x04, 0x78,
  0x87, 0x51, 0x00, 0x00, 0x00, 0x00, 0x07, 0xFF, 0xFF, 0xFF, 0xFB, 0x30, 0x00, 0x00, 0x00, 0x8F,
  0xFF, 0x99, 0xEF, 0xFF, 0x80, 0x00, 0x00, 0x08, 0xFF, 0xF1, 0x00, 0x8F, 0xFF, 0x90, 0x00, 0x00,
  0x8F, 0xFF, 0x00, 0x00, 0x7F, 0xFF, 0x50, 0x00, 0x09, 0xFF, 0xF0, 0x00, 0x00, 0xCF, 0xFD, 0x00,
  0x00, 0x9F, 0xFE, 0x00, 0x00, 0x04, 0xFF, 0xF4, 0x00, 0x09, 0xFF, 0xD0, 0x00, 0x00, 0x0F, 0xFF,
  0x90, 0x00, 0xAF, 0xFC, 0x00, 0x00, 0x00, 0xAF, 0xFD, 0x00, 0x0A, 0xFF, 0xA0, 0x00, 0x00, 0x07,
  0xFF, 0xF0, 0x00, 0xAF, 0xF9, 0x00, 0x00, 0x00, 0x5F, 0xFF, 0x10, 0x0B, 0xFF, 0x80, 0x00, 0x00,
  0x04, 0xFF, 0xF1, 0x2A, 0xEF, 0xFD, 0xAA, 0x50, 0x00, 0x4F, 0xFF, 0x13, 0xFF, 0xFF, 0xFF, 0xF8,
  0x00, 0x05, 0xFF, 0xF0, 0x2D, 0xFF, 0xFE, 0xDD, 0x60, 0x00, 0x7F, 0xFD, 0x00, 0x0C, 0xFF, 0x40,
  0x00, 0x00, 0x0A, 0xFF, 0x90, 0x00, 0xCF, 0xF2, 0x00, 0x00, 0x00, 0xEF, 0xF5, 0x00, 0x0D, 0xFF,
  0x10, 0x00, 0x00, 0x3F, 0xFF, 0x00, 0x00, 0xDF, 0xF0, 0x00, 0x00, 0x0A, 0xFF, 0x90, 0x00, 0x0D,
  0xFF, 0x00, 0x00, 0x03, 0xFF, 0xF1, 0x00, 0x00, 0xEF, 0xE0, 0x00, 0x00, 0xDF, 0xF8, 0x00, 0x00,
  0x0E, 0xFD, 0x00, 0x01, 0xCF, 0xFC, 0x00, 0x00, 0x00, 0xEF, 0xC0, 0x04, 0xDF, 0xFD, 0x10, 0x00,
  0x00, 0x0E, 0xFD, 0x8C, 0xFF, 0xFC, 0x10, 0x00, 0x00, 0x00, 0xEF, 0xFF, 0xFF, 0xE6, 0x00, 0x00,
  0x00, 0x00, 0x01, 0x46, 0x76, 0x30, 0x00, 0x00, 0x00, 0x00, 0x00, 0x00, 0x29, 0x70, 0x06, 0xA2,
  0x00, 0x00, 0x00, 0x0E, 0xFF, 0xB0, 0x8F, 0x50, 0x00, 0x00, 0x05, 0xFC, 0xBF, 0xAD, 0xF4, 0x00,
  0x00, 0x00, 0x7F, 0x70, 0xCF, 0xFD, 0x00, 0x00, 0x00, 0x04, 0x84, 0x00, 0x77, 0x10, 0x00, 0x03,
  0x87, 0x72, 0x00, 0x00, 0x06, 0xBB, 0xB3, 0x6F, 0xFF, 0x90, 0x00, 0x00, 0x8F, 0xFF, 0x36, 0xFF,
  0xFE, 0x00, 0x00, 0x08, 0xFF, 0xF1, 0x5F, 0xFF, 0xF4, 0x00, 0x00, 0x7F, 0xFF, 0x05, 0xFF, 0xFF,
  0x90, 0x00, 0x07, 0xFF, 0xE0, 0x5F, 0xFF, 0xFE, 0x00, 0x00, 0x7F, 0xFC, 0x05, 0xFF, 0xFF, 0xF4,
  0x00, 0x08, 0xFF, 0xB0, 0x4F, 0xFF, 0xFF, 0x90, 0x00, 0x8F, 0xFA, 0x04, 0xFF, 0xEA, 0xFE, 0x00,
  0x08, 0xFF, 0x80, 0x4F, 0xFD, 0x4F, 0xF4, 0x00, 0x8F, 0xF7, 0x04, 0xFF, 0xD0, 0xEF, 0x90, 0x08,
  0xFF, 0x60, 0x3F, 0xFC, 0x08, 0xFE, 0x00, 0x9F, 0xF5, 0x03, 0xFF, 0xB0, 0x2F, 0xF4, 0x09, 0xFF,
  0x40, 0x3F, 0xFB, 0x00, 0xCF, 0x90, 0x9F, 0xF3, 0x03, 0xFF, 0xA0, 0x06, 0xFE, 0x0A, 0xFF, 0x20,
  0x2F, 0xFA, 0x00, 0x1F, 0xF4, 0xAF, 0xF1, 0x02, 0xFF, 0x90, 0x00, 0xAF, 0x9B, 0xFF, 0x00, 0x2F,
  0xF9, 0x00, 0x04, 0xFE, 0xCF, 0xF0, 0x02, 0xFF, 0x90, 0x00, 0x0E, 0xFF, 0xFF, 0x00, 0x2F, 0xF8,
  0x00, 0x00, 0x8F, 0xFF, 0xE0, 0x02, 0xFF, 0x80, 0x00, 0x02, 0xFF, 0xFE, 0x00, 0x2F, 0xF8, 0x00,
  0x00, 0x0C, 0xFF, 0xD0, 0x02, 0xFF, 0x80, 0x00, 0x00, 0x6F, 0xFD, 0x00, 0x2F, 0xF7, 0x00, 0x00,
  0x01, 0xFF, 0xC0, 0x00, 0x00, 0x00, 0x00, 0x00, 0x00, 0x00, 0x00, 0x00, 0x20, 0x00, 0x00, 0x00,
  0x00, 0x00, 0x00, 0x3F, 0x90, 0x00, 0x00, 0x00, 0x00, 0x00, 0x0D, 0xFF, 0x90, 0x00, 0x00, 0x00,
  0x00, 0x00, 0x1B, 0xFF, 0x80, 0x00, 0x00, 0x00, 0x00, 0x00, 0x07, 0xFF, 0x80, 0x00, 0x00, 0x00,
  0x00, 0x00, 0x03, 0xEA, 0x00, 0x00, 0x00, 0x00, 0x00, 0x00, 0x01, 0x00, 0x00, 0x00, 0x00, 0x00,
  0x00, 0x02, 0x8A, 0xB9, 0x30, 0x00, 0x00, 0x00, 0x08, 0xFF, 0xFF, 0xFF, 0xA0, 0x00, 0x00, 0x07,
  0xFF, 0xE8, 0x8D, 0xFF, 0xB0, 0x00, 0x03, 0xFF, 0xE2, 0x00, 0x0D, 0xFF, 0x50, 0x00, 0xAF, 0xF6,
  0x00, 0x00, 0x4F, 0xFD, 0x00, 0x1F, 0xFF, 0x00, 0x00, 0x00, 0xDF, 0xF3, 0x05, 0xFF, 0xB0, 0x00,
  0x00, 0x09, 0xFF, 0x70, 0x8F, 0xF8, 0x00, 0x00, 0x00, 0x6F, 0xFA, 0x0B, 0xFF, 0x50, 0x00, 0x00,
  0x04, 0xFF, 0xC0, 0xDF, 0xF4, 0x00, 0x00, 0x00, 0x3F, 0xFE, 0x0E, 0xFF, 0x30, 0x00, 0x00, 0x01,
  0xFF, 0xF0, 0xEF, 0xF2, 0x00, 0x00, 0x00, 0x1F, 0xFF, 0x0F, 0xFF, 0x20, 0x00, 0x00, 0x01, 0xFF,
  0xF0, 0xEF, 0xF3, 0x00, 0x00, 0x00, 0x1F, 0xFF, 0x0D, 0xFF, 0x40, 0x00, 0x00, 0x02, 0xFF, 0xD0,
  0xCF, 0xF4, 0x00, 0x00, 0x00, 0x3F, 0xFC, 0x0A, 0xFF, 0x50, 0x00, 0x00, 0x05, 0xFF, 0xA0, 0x7F,
  0xF7, 0x00, 0x00, 0x00, 0x8F, 0xF6, 0x04, 0xFF, 0xA0, 0x00, 0x00, 0x0A, 0xFF, 0x30, 0x1F, 0xFD,
  0x00, 0x00, 0x00, 0xEF, 0xE0, 0x00, 0xBF, 0xF2, 0x00, 0x00, 0x4F, 0xF8, 0x00, 0x06, 0xFF, 0x80,
  0x00, 0x0A, 0xFF, 0x20, 0x00, 0x0E, 0xFE, 0x10, 0x03, 0xFF, 0x90, 0x00, 0x00, 0x5F, 0xFC, 0x45,
  0xEF, 0xE1, 0x00, 0x00, 0x00, 0x8F, 0xFF, 0xFF, 0xE2, 0x00, 0x00, 0x00, 0x00, 0x5C, 0xFE, 0x91,
  0x00, 0x00, 0x00, 0x00, 0x00, 0x00, 0x00, 0x00, 0x05, 0x00, 0x00, 0x00, 0x00, 0x00, 0x00, 0x0B,
  0xF5, 0x00, 0x00, 0x00, 0x00, 0x00, 0x09, 0xFF, 0xD0, 0x00, 0x00, 0x00, 0x00, 0x08, 0xFF, 0xB1,
  0x00, 0x00, 0x00, 0x00, 0x06, 0xFF, 0x70, 0x00, 0x00, 0x00, 0x00, 0x00, 0x9D, 0x30, 0x00, 0x00,
  0x00, 0x00, 0x00, 0x00, 0x00, 0x00, 0x00, 0x00, 0x00, 0x02, 0x8A, 0xB9, 0x30, 0x00, 0x00, 0x00,
  0x08, 0xFF, 0xFF, 0xFF, 0xA0, 0x00, 0x00, 0x07, 0xFF, 0xE8, 0x8D, 0xFF, 0xB0, 0x00, 0x03, 0xFF,
  0xE2, 0x00, 0x0D, 0xFF, 0x50, 0x00, 0xAF, 0xF6, 0x00, 0x00, 0x4F, 0xFD, 0x00, 0x1F, 0xFF, 0x00,
  0x00, 0x00, 0xDF, 0xF3, 0x05, 0xFF, 0xB0, 0x00, 0x00, 0x09, 0xFF, 0x70, 0x8F, 0xF8, 0x00, 0x00,
  0x00, 0x6F, 0xFA, 0x0B, 0xFF, 0x50, 0x00, 0x00, 0x04, 0xFF, 0xC0, 0xDF, 0xF4, 0x00, 0x00, 0x00,
  0x3F, 0xFE, 0x0E, 0xFF, 0x30, 0x00, 0x00, 0x01, 0xFF, 0xF0, 0xEF, 0xF2, 0x00, 0x00, 0x00, 0x1F,
  0xFF, 0x0F, 0xFF, 0x20, 0x00, 0x00, 0x01, 0xFF, 0xF0, 0xEF, 0xF3, 0x00, 0x00, 0x00, 0x1F, 0xFF,
  0x0D, 0xFF, 0x40, 0x00, 0x00, 0x02, 0xFF, 0xD0, 0xCF, 0xF4, 0x00, 0x00, 0x00, 0x3F, 0xFC, 0x0A,
  0xFF, 0x50, 0x00, 0x00, 0x05, 0xFF, 0xA0, 0x7F, 0xF7, 0x00, 0x00, 0x00, 0x8F, 0xF6, 0x04, 0xFF,
  0xA0, 0x00, 0x00, 0x0A, 0xFF, 0x30, 0x1F, 0xFD, 0x00, 0x00, 0x00, 0xEF, 0xE0, 0x00, 0xBF, 0xF2,
  0x00, 0x00, 0x4F, 0xF8, 0x00, 0x06, 0xFF, 0x80, 0x00, 0x0A, 0xFF, 0x20, 0x00, 0x0E, 0xFE, 0x10,
  0x03, 0xFF, 0x90, 0x00, 0x00, 0x5F, 0xFC, 0x45, 0xEF, 0xE1, 0x00, 0x00, 0x00, 0x8F, 0xFF, 0xFF,
  0xE2, 0x00, 0x00, 0x00, 0x00, 0x5C, 0xFE, 0x91, 0x00, 0x00, 0x00, 0x00, 0x00, 0x00, 0x89, 0x00,
  0x00, 0x00, 0x00, 0x00, 0x00, 0x6F, 0xF8, 0x00, 0x00, 0x00, 0x00, 0x00, 0x0E, 0xFF, 0xF1, 0x00,
  0x00, 0x00, 0x00, 0x07, 0xFA, 0x8F, 0x90, 0x00, 0x00, 0x00, 0x01, 0xEF, 0x52, 0xFF, 0x10, 0x00,
  0x00, 0x00, 0x1A, 0xE0, 0x0B, 0xB2, 0x00, 0x00, 0x00, 0x00, 0x01, 0x00, 0x00, 0x00, 0x00, 0x00,
  0x00, 0x02, 0x8A, 0xB9, 0x30, 0x00, 0x00, 0x00, 0x08, 0xFF, 0xFF, 0xFF, 0xA0, 0x00, 0x00, 0x07,
  0xFF, 0xE8, 0x8D, 0xFF, 0xB0, 0x00, 0x03, 0xFF, 0xE2, 0x00, 0x0D, 0xFF, 0x50, 0x00, 0xAF, 0xF6,
  0x00, 0x00, 0x4F, 0xFD, 0x00, 0x1F, 0xFF, 0x00, 0x00, 0x00, 0xDF, 0xF3, 0x05, 0xFF, 0xB0, 0x00,
  0x00, 0x09, 0xFF, 0x70, 0x8F, 0xF8, 0x00, 0x00, 0x00, 0x6F, 0xFA, 0x0B, 0xFF, 0x50, 0x00, 0x00,
  0x04, 0xFF, 0xC0, 0xDF, 0xF4, 0x00, 0x00, 0x00, 0x3F, 0xFE, 0x0E, 0xFF, 0x30, 0x00, 0x00, 0x01,
  0xFF, 0xF0, 0xEF, 0xF2, 0x00, 0x00, 0x00, 0x1F, 0xFF, 0x0F, 0xFF, 0x20, 0x00, 0x00, 0x01, 0xFF,
  0xF0, 0xEF, 0xF3, 0x00, 0x00, 0x00, 0x1F, 0xFF, 0x0D, 0xFF, 0x40, 0x00, 0x00, 0x02, 0xFF, 0xD0,
  0xCF, 0xF4, 0x00, 0x00, 0x00, 0x3F, 0xFC, 0x0A, 0xFF, 0x50, 0x00, 0x00, 0x05, 0xFF, 0xA0, 0x7F,
  0xF7, 0x00, 0x00, 0x00, 0x8F, 0xF6, 0x04, 0xFF, 0xA0, 0x00, 0x00, 0x0A, 0xFF, 0x30, 0x1F, 0xFD,
  0x00, 0x00, 0x00, 0xEF, 0xE0, 0x00, 0xBF, 0xF2, 0x00, 0x00, 0x4F, 0xF8, 0x00, 0x06, 0xFF, 0x80,
  0x00, 0x0A, 0xFF, 0x20, 0x00, 0x0E, 0xFE, 0x10, 0x03, 0xFF, 0x90, 0x00, 0x00, 0x5F, 0xFC, 0x45,
  0xEF, 0xE1, 0x00, 0x00, 0x00, 0x8F, 0xFF, 0xFF, 0xE2, 0x00, 0x00, 0x00, 0x00, 0x5C, 0xFE, 0x91,
  0x00, 0x00, 0x00, 0x00, 0x00, 0x59, 0x40, 0x19, 0x80, 0x00, 0x00, 0x00, 0x5F, 0xFF, 0x40, 0xFE,
  0x00, 0x00, 0x00, 0x0C, 0xF8, 0xEE, 0x9F, 0xD0, 0x00, 0x00, 0x00, 0xEF, 0x04, 0xFF, 0xF6, 0x00,
  0x00, 0x00, 0x07, 0x71, 0x03, 0x85, 0x00, 0x00, 0x00, 0x00, 0x02, 0x8A, 0xB9, 0x30, 0x00, 0x00,
  0x00, 0x08, 0xFF, 0xFF, 0xFF, 0xA0, 0x00, 0x00, 0x07, 0xFF, 0xE8, 0x8D, 0xFF, 0xB0, 0x00, 0x03,
  0xFF, 0xE2, 0x00, 0x0D, 0xFF, 0x50, 0x00, 0xAF, 0xF6, 0x00, 0x00, 0x4F, 0xFD, 0x00, 0x1F, 0xFF,
  0x00, 0x00, 0x00, 0xDF, 0xF3, 0x05, 0xFF, 0xB0, 0x00, 0x00, 0x09, 0xFF, 0x70, 0x8F, 0xF8, 0x00,
  0x00, 0x00, 0x6F, 0xFA, 0x0B, 0xFF, 0x50, 0x00, 0x00, 0x04, 0xFF, 0xC0, 0xDF, 0xF4, 0x00, 0x00,
  0x00, 0x3F, 0xFE, 0x0E, 0xFF, 0x30, 0x00, 0x00, 0x01, 0xFF, 0xF0, 0xEF, 0xF2, 0x00, 0x00, 0x00,
  0x1F, 0xFF, 0x0F, 0xFF, 0x20, 0x00, 0x00, 0x01, 0xFF, 0xF0, 0xEF, 0xF3, 0x00, 0x00, 0x00, 0x1F,
  0xFF, 0x0D, 0xFF, 0x40, 0x00, 0x00, 0x02, 0xFF, 0xD0, 0xCF, 0xF4, 0x00, 0x00, 0x00, 0x3F, 0xFC,
  0x0A, 0xFF, 0x50, 0x00, 0x00, 0x05, 0xFF, 0xA0, 0x7F, 0xF7, 0x00, 0x00, 0x00, 0x8F, 0xF6, 0x04,
  0xFF, 0xA0, 0x00, 0x00, 0x0A, 0xFF, 0x30, 0x1F, 0xFD, 0x00, 0x00, 0x00, 0xEF, 0xE0, 0x00, 0xBF,
  0xF2, 0x00, 0x00, 0x4F, 0xF8, 0x00, 0x06, 0xFF, 0x80, 0x00, 0x0A, 0xFF, 0x20, 0x00, 0x0E, 0xFE,
  0x10, 0x03, 0xFF, 0x90, 0x00, 0x00, 0x5F, 0xFC, 0x45, 0xEF, 0xE1, 0x00, 0x00, 0x00, 0x8F, 0xFF,
  0xFF, 0xE2, 0x00, 0x00, 0x00, 0x00, 0x5C, 0xFE, 0x91, 0x00, 0x00, 0x00, 0x00, 0x02, 0x72, 0x00,
  0x27, 0x20, 0x00, 0x00, 0x00, 0xFF, 0xD0, 0x0E, 0xFF, 0x00, 0x00, 0x00, 0x1F, 0xFF, 0x00, 0xFF,
  0xF1, 0x00, 0x00, 0x00, 0x6C, 0x50, 0x05, 0xB6, 0x00, 0x00, 0x00, 0x00, 0x28, 0xAB, 0x93, 0x00,
  0x00, 0x00, 0x00, 0x8F, 0xFF, 0xFF, 0xFA, 0x00, 0x00, 0x00, 0x7F, 0xFE, 0x88, 0xDF, 0xFB, 0x00,
  0x00, 0x3F, 0xFE, 0x20, 0x00, 0xDF, 0xF5, 0x00, 0x0A, 0xFF, 0x60, 0x00, 0x04, 0xFF, 0xD0, 0x01,
  0xFF, 0xF0, 0x00, 0x00, 0x0D, 0xFF, 0x30, 0x5F, 0xFB, 0x00, 0x00, 0x00, 0x9F, 0xF7, 0x08, 0xFF,
  0x80, 0x00, 0x00, 0x06, 0xFF, 0xA0, 0xBF, 0xF5, 0x00, 0x00, 0x00, 0x4F, 0xFC, 0x0D, 0xFF, 0x40,
  0x00, 0x00, 0x03, 0xFF, 0xE0, 0xEF, 0xF3, 0x00, 0x00, 0x00, 0x1F, 0xFF, 0x0E, 0xFF, 0x20, 0x00,
  0x00, 0x01, 0xFF, 0xF0, 0xFF, 0xF2, 0x00, 0x00, 0x00, 0x1F, 0xFF, 0x0E, 0xFF, 0x30, 0x00, 0x00,
  0x01, 0xFF, 0xF0, 0xDF, 0xF4, 0x00, 0x00, 0x00, 0x2F, 0xFD, 0x0C, 0xFF, 0x40, 0x00, 0x00, 0x03,
  0xFF, 0xC0, 0xAF, 0xF5, 0x00, 0x00, 0x00, 0x5F, 0xFA, 0x07, 0xFF, 0x70, 0x00, 0x00, 0x08, 0xFF,
  0x60, 0x4F, 0xFA, 0x00, 0x00, 0x00, 0xAF, 0xF3, 0x01, 0xFF, 0xD0, 0x00, 0x00, 0x0E, 0xFE, 0x00,
  0x0B, 0xFF, 0x20, 0x00, 0x04, 0xFF, 0x80, 0x00, 0x6F, 0xF8, 0x00, 0x00, 0xAF, 0xF2, 0x00, 0x00,
  0xEF, 0xE1, 0x00, 0x3F, 0xF9, 0x00, 0x00, 0x05, 0xFF, 0xC4, 0x5E, 0xFE, 0x10, 0x00, 0x00, 0x08,
  0xFF, 0xFF, 0xFE, 0x20, 0x00, 0x00, 0x00, 0x05, 0xCF, 0xE9, 0x10, 0x00, 0x00, 0x00, 0x40, 0x00,
  0x00, 0x20, 0x0A, 0xF5, 0x00, 0x0A, 0xF3, 0x5F, 0xFF, 0x40, 0xBF, 0xF5, 0x07, 0xFF, 0xFF, 0xFF,
  0x60, 0x00, 0x6F, 0xFF, 0xF7, 0x00, 0x00, 0x1F, 0xFF, 0xF2, 0x00, 0x02, 0xEF, 0xFF, 0xFE, 0x20,
  0x2E, 0xFF, 0xA3, 0xFF, 0xE1, 0x3E, 0xFB, 0x00, 0x3E, 0xF7, 0x02, 0xA0, 0x00, 0x02, 0x70, 0x00,
  0x00, 0x28, 0xAB, 0x93, 0x02, 0x00, 0x00, 0x00, 0x8F, 0xFF, 0xFF, 0xFA, 0xEE, 0x30, 0x00, 0x7F,
  0xFE, 0x87, 0xDF, 0xFF, 0xE0, 0x00, 0x3F, 0xFE, 0x20, 0x00, 0xDF, 0xF8, 0x00, 0x0A, 0xFF, 0x60,
  0x00, 0x06, 0xFF, 0xD0, 0x01, 0xFF, 0xF0, 0x00, 0x00, 0xBF, 0xFF, 0x30, 0x5F, 0xFB, 0x00, 0x00,
  0x2F, 0xFF, 0xF7, 0x08, 0xFF, 0x80, 0x00, 0x0A, 0xFE, 0xFF, 0xA0, 0xBF, 0xF5, 0x00, 0x01, 0xFF,
  0x7F, 0xFC, 0x0D, 0xFF, 0x40, 0x00, 0x8F, 0xA3, 0xFF, 0xE0, 0xEF, 0xF3, 0x00, 0x0E, 0xF3, 0x2F,
  0xFF, 0x0E, 0xFF, 0x20, 0x06, 0xFB, 0x01, 0xFF, 0xF0, 0xFF, 0xF2, 0x00, 0xDF, 0x40, 0x1F, 0xFF,
  0x0E, 0xFF, 0x30, 0x4F, 0xD0, 0x01, 0xFF, 0xF0, 0xDF, 0xF3, 0x0B, 0xF5, 0x00, 0x2F, 0xFD, 0x0C,
  0xFF, 0x43, 0xFD, 0x00, 0x03, 0xFF, 0xC0, 0xAF, 0xF5, 0xAF, 0x60, 0x00, 0x5F, 0xFA, 0x08, 0xFF,
  0x9F, 0xE0, 0x00, 0x08, 0xFF, 0x60, 0x4F, 0xFF, 0xF7, 0x00, 0x00, 0xAF, 0xF3, 0x01, 0xFF, 0xFF,
  0x10, 0x00, 0x0E, 0xFE, 0x00, 0x0B, 0xFF, 0x90, 0x00, 0x04, 0xFF, 0x80, 0x00, 0x5F, 0xF7, 0x00,
  0x00, 0xAF, 0xF2, 0x00, 0x04, 0xFF, 0xE1, 0x00, 0x3F, 0xF9, 0x00, 0x00, 0xBF, 0xFF, 0xC3, 0x5E,
  0xFE, 0x10, 0x00, 0x1D, 0xB8, 0xFF, 0xFF, 0xFE, 0x20, 0x00, 0x00, 0x00, 0x05, 0xCF, 0xE9, 0x10,
  0x00, 0x00, 0x00, 0x02, 0x00, 0x00, 0x00, 0x00, 0x00, 0x00, 0x5F, 0x70, 0x00, 0x00, 0x00, 0x00,
  0x01, 0xFF, 0xF6, 0x00, 0x00, 0x00, 0x00, 0x00, 0x2D, 0xFF, 0x60, 0x00, 0x00, 0x00, 0x00, 0x00,
  0x9F, 0xF5, 0x00, 0x00, 0x00, 0x00, 0x00, 0x05, 0xF8, 0x00, 0x00, 0x00, 0x00, 0x00, 0x00, 0x10,
  0x00, 0x00, 0x21, 0x03, 0xFD, 0xB3, 0x00, 0x02, 0xEF, 0xF6, 0x06, 0xFF, 0xF2, 0x00, 0x01, 0xFF,
  0xF8, 0x0A, 0xFF, 0xF0, 0x00, 0x00, 0xFF, 0xF9, 0x0D, 0xFF, 0xC0, 0x00, 0x00, 0xDF, 0xFA, 0x0F,
  0xFF, 0x90, 0x00, 0x00, 0xCF, 0xFB, 0x2F, 0xFF, 0x70, 0x00, 0x00, 0xCF, 0xFB, 0x4F, 0xFF, 0x50,
  0x00, 0x00, 0xBF, 0xFC, 0x6F, 0xFF, 0x30, 0x00, 0x00, 0xAF, 0xFC, 0x7F, 0xFF, 0x10, 0x00, 0x00,
  0xAF, 0xFC, 0x8F, 0xFF, 0x00, 0x00, 0x00, 0xAF, 0xFC, 0x9F, 0xFE, 0x00, 0x00, 0x00, 0xAF, 0xFC,
  0xAF, 0xFD, 0x00, 0x00, 0x00, 0xAF, 0xFB, 0xBF, 0xFC, 0x00, 0x00, 0x00, 0xAF, 0xFB, 0xBF, 0xFB,
  0x00, 0x00, 0x00, 0xAF, 0xFA, 0xBF, 0xFB, 0x00, 0x00, 0x00, 0xBF, 0xF8, 0xAF, 0xFB, 0x00, 0x00,
  0x00, 0xBF, 0xF6, 0x9F, 0xFC, 0x00, 0x00, 0x00, 0xDF, 0xF4, 0x7F, 0xFC, 0x00, 0x00, 0x00, 0xFF,
  0xF0, 0x4F, 0xFE, 0x00, 0x00, 0x03, 0xFF, 0xD0, 0x1F, 0xFF, 0x00, 0x00, 0x08, 0xFF, 0x80, 0x0C,
  0xFF, 0x50, 0x00, 0x1E, 0xFF, 0x10, 0x04, 0xFF, 0xD1, 0x01, 0xCF, 0xF8, 0x00, 0x00, 0x9F, 0xFF,
  0xEF, 0xFF, 0xB0, 0x00, 0x00, 0x07, 0xEF, 0xFF, 0xD6, 0x00, 0x00, 0x00, 0x00, 0x01, 0x21, 0x00,
  0x00, 0x00, 0x00, 0x00, 0x00, 0x00, 0x00, 0x06, 0x00, 0x00, 0x00, 0x00, 0x00, 0x00, 0x8F, 0x80,
  0x00, 0x00, 0x00, 0x00, 0x06, 0xFF, 0xF1, 0x00, 0x00, 0x00, 0x00, 0x5F, 0xFC, 0x20, 0x00, 0x00,
  0x00, 0x04, 0xFF, 0x90, 0x00, 0x00, 0x00, 0x00, 0x06, 0xE5, 0x00, 0x00, 0x00, 0x00, 0x00, 0x00,
  0x10, 0x00, 0x21, 0x03, 0xFD, 0xB3, 0x00, 0x02, 0xEF, 0xF6, 0x06, 0xFF, 0xF2, 0x00, 0x01, 0xFF,
  0xF8, 0x0A, 0xFF, 0xF0, 0x00, 0x00, 0xFF, 0xF9, 0x0D, 0xFF, 0xC0, 0x00, 0x00, 0xDF, 0xFA, 0x0F,
  0xFF, 0x90, 0x00, 0x00, 0xCF, 0xFB, 0x2F, 0xFF, 0x70, 0x00, 0x00, 0xCF, 0xFB, 0x4F, 0xFF, 0x50,
  0x00, 0x00, 0xBF, 0xFC, 0x6F, 0xFF, 0x30, 0x00, 0x00, 0xAF, 0xFC, 0x7F, 0xFF, 0x10, 0x00, 0x00,
  0xAF, 0xFC, 0x8F, 0xFF, 0x00, 0x00, 0x00, 0xAF, 0xFC, 0x9F, 0xFE, 0x00, 0x00, 0x00, 0xAF, 0xFC,
  0xAF, 0xFD, 0x00, 0x00, 0x00, 0xAF, 0xFB, 0xBF, 0xFC, 0x00, 0x00, 0x00, 0xAF, 0xFB, 0xBF, 0xFB,
  0x00, 0x00, 0x00, 0xAF, 0xFA, 0xBF, 0xFB, 0x00, 0x00, 0x00, 0xBF, 0xF8, 0xAF, 0xFB, 0x00, 0x00,
  0x00, 0xBF, 0xF6, 0x9F, 0xFC, 0x00, 0x00, 0x00, 0xDF, 0xF4, 0x7F, 0xFC, 0x00, 0x00, 0x00, 0xFF,
  0xF0, 0x4F, 0xFE, 0x00, 0x00, 0x03, 0xFF, 0xD0, 0x1F, 0xFF, 0x00, 0x00, 0x08, 0xFF, 0x80, 0x0C,
  0xFF, 0x50, 0x00, 0x1E, 0xFF, 0x10, 0x04, 0xFF, 0xD1, 0x01, 0xCF, 0xF8, 0x00, 0x00, 0x9F, 0xFF,
  0xEF, 0xFF, 0xB0, 0x00, 0x00, 0x07, 0xEF, 0xFF, 0xD6, 0x00, 0x00, 0x00, 0x00, 0x01, 0x21, 0x00,
  0x00, 0x00, 0x00, 0x00, 0x00, 0x69, 0x30, 0x00, 0x00, 0x00, 0x00, 0x01, 0xFF, 0xD0, 0x00, 0x00,
  0x00, 0x00, 0x09, 0xFF, 0xF5, 0x00, 0x00, 0x00, 0x00, 0x2F, 0xF4, 0xFD, 0x00, 0x00, 0x00, 0x00,
  0xBF, 0xA0, 0xCF, 0x60, 0x00, 0x00, 0x00, 0x7F, 0x40, 0x6D, 0x40, 0x00, 0x00, 0x00, 0x01, 0x00,
  0x00, 0x00, 0x21, 0x03, 0xFD, 0xB3, 0x00, 0x02, 0xEF, 0xF6, 0x06, 0xFF, 0xF2, 0x00, 0x01, 0xFF,
  0xF8, 0x0A, 0xFF, 0xF0, 0x00, 0x00, 0xFF, 0xF9, 0x0D, 0xFF, 0xC0, 0x00, 0x00, 0xDF, 0xFA, 0x0F,
  0xFF, 0x90, 0x00, 0x00, 0xCF, 0xFB, 0x2F, 0xFF, 0x70, 0x00, 0x00, 0xCF, 0xFB, 0x4F, 0xFF, 0x50,
  0x00, 0x00, 0xBF, 0xFC, 0x6F, 0xFF, 0x30, 0x00, 0x00, 0xAF, 0xFC, 0x7F, 0xFF, 0x10, 0x00, 0x00,
  0xAF, 0xFC, 0x8F, 0xFF, 0x00, 0x00, 0x00, 0xAF, 0xFC, 0x9F, 0xFE, 0x00, 0x00, 0x00, 0xAF, 0xFC,
  0xAF, 0xFD, 0x00, 0x00, 0x00, 0xAF, 0xFB, 0xBF, 0xFC, 0x00, 0x00, 0x00, 0xAF, 0xFB, 0xBF, 0xFB,
  0x00, 0x00, 0x00, 0xAF, 0xFA, 0xBF, 0xFB, 0x00, 0x00, 0x00, 0xBF, 0xF8, 0xAF, 0xFB, 0x00, 0x00,
  0x00, 0xBF, 0xF6, 0x9F, 0xFC, 0x00, 0x00, 0x00, 0xDF, 0xF4, 0x7F, 0xFC, 0x00, 0x00, 0x00, 0xFF,
  0xF0, 0x4F, 0xFE, 0x00, 0x00, 0x03, 0xFF, 0xD0, 0x1F, 0xFF, 0x00, 0x00, 0x08, 0xFF, 0x80, 0x0C,
  0xFF, 0x50, 0x00, 0x1E, 0xFF, 0x10, 0x04, 0xFF, 0xD1, 0x01, 0xCF, 0xF8, 0x00, 0x00, 0x9F, 0xFF,
  0xEF, 0xFF, 0xB0, 0x00, 0x00, 0x07, 0xEF, 0xFF, 0xD6, 0x00, 0x00, 0x00, 0x00, 0x01, 0x21, 0x00,
  0x00, 0x00, 0x00, 0x00, 0x55, 0x00, 0x05, 0x60, 0x00, 0x00, 0x06, 0xFF, 0x70, 0x5F, 0xF9, 0x00,
  0x00, 0x08, 0xFF, 0x80, 0x6F, 0xFA, 0x00, 0x00, 0x01, 0xAA, 0x10, 0x09, 0xB2, 0x00, 0x00, 0x00,
  0x00, 0x00, 0x00, 0x00, 0x21, 0x03, 0xFD, 0xB3, 0x00, 0x02, 0xEF, 0xF6, 0x06, 0xFF, 0xF2, 0x00,
  0x01, 0xFF, 0xF8, 0x0A, 0xFF, 0xF0, 0x00, 0x00, 0xFF, 0xF9, 0x0D, 0xFF, 0xC0, 0x00, 0x00, 0xDF,
  0xFA, 0x0F, 0xFF, 0x90, 0x00, 0x00, 0xCF, 0xFB, 0x2F, 0xFF, 0x70, 0x00, 0x00, 0xCF, 0xFB, 0x4F,
  0xFF, 0x50, 0x00, 0x00, 0xBF, 0xFC, 0x6F, 0xFF, 0x30, 0x00, 0x00, 0xAF, 0xFC, 0x7F, 0xFF, 0x10,
  0x00, 0x00, 0xAF, 0xFC, 0x8F, 0xFF, 0x00, 0x00, 0x00, 0xAF, 0xFC, 0x9F, 0xFE, 0x00, 0x00, 0x00,
  0xAF, 0xFC, 0xAF, 0xFD, 0x00, 0x00, 0x00, 0xAF, 0xFB, 0xBF, 0xFC, 0x00, 0x00, 0x00, 0xAF, 0xFB,
  0xBF, 0xFB, 0x00, 0x00, 0x00, 0xAF, 0xFA, 0xBF, 0xFB, 0x00, 0x00, 0x00, 0xBF, 0xF8, 0xAF, 0xFB,
  0x00, 0x00, 0x00, 0xBF, 0xF6, 0x9F, 0xFC, 0x00, 0x00, 0x00, 0xDF, 0xF4, 0x7F, 0xFC, 0x00, 0x00,
  0x00, 0xFF, 0xF0, 0x4F, 0xFE, 0x00, 0x00, 0x03, 0xFF, 0xD0, 0x1F, 0xFF, 0x00, 0x00, 0x08, 0xFF,
  0x80, 0x0C, 0xFF, 0x50, 0x00, 0x1E, 0xFF, 0x10, 0x04, 0xFF, 0xD1, 0x01, 0xCF, 0xF8, 0x00, 0x00,
  0x9F, 0xFF, 0xEF, 0xFF, 0xB0, 0x00, 0x00, 0x07, 0xEF, 0xFF, 0xD6, 0x00, 0x00, 0x00, 0x00, 0x01,
  0x21, 0x00, 0x00, 0x00, 0x00, 0x00, 0x00, 0x00, 0x00, 0x14, 0x00, 0x00, 0x00, 0x00, 0x00, 0x00,
  0x1D, 0xF2, 0x00, 0x00, 0x00, 0x00, 0x00, 0x0C, 0xFF, 0xA0, 0x00, 0x00, 0x00, 0x00, 0x0B, 0xFF,
  0x80, 0x00, 0x00, 0x00, 0x00, 0x0A, 0xFE, 0x40, 0x00, 0x00, 0x00, 0x00, 0x00, 0xCC, 0x10, 0x00,
  0x00, 0x9B, 0xCC, 0x00, 0x01, 0x00, 0x0E, 0xFF, 0x99, 0xFF, 0xF2, 0x00, 0x00, 0x04, 0xFF, 0xF4,
  0x3F, 0xFF, 0x60, 0x00, 0x00, 0x9F, 0xFE, 0x00, 0xEF, 0xFA, 0x00, 0x00, 0x0D, 0xFF, 0x90, 0x08,
  0xFF, 0xE0, 0x00, 0x01, 0xFF, 0xF3, 0x00, 0x3F, 0xFF, 0x10, 0x00, 0x5F, 0xFD, 0x00, 0x00, 0xDF,
  0xF5, 0x00, 0x09, 0xFF, 0x70, 0x00, 0x07, 0xFF, 0x90, 0x00, 0xEF, 0xF2, 0x00, 0x00, 0x1F, 0xFE,
  0x00, 0x3F, 0xFB, 0x00, 0x00, 0x00, 0xBF, 0xF2, 0x07, 0xFF, 0x50, 0x00, 0x00, 0x04, 0xFF, 0x60,
  0xCF, 0xE0, 0x00, 0x00, 0x00, 0x0D, 0xFB, 0x1F, 0xF8, 0x00, 0x00, 0x00, 0x00, 0x7F, 0xF6, 0xFF,
  0x20, 0x00, 0x00, 0x00, 0x01, 0xFF, 0xEF, 0xB0, 0x00, 0x00, 0x00, 0x00, 0x0A, 0xFF, 0xF5, 0x00,
  0x00, 0x00, 0x00, 0x00, 0x4F, 0xFF, 0x00, 0x00, 0x00, 0x00, 0x00, 0x02, 0xFF, 0xE0, 0x00, 0x00,
  0x00, 0x00, 0x00, 0x2F, 0xFD, 0x00, 0x00, 0x00, 0x00, 0x00, 0x01, 0xFF, 0xC0, 0x00, 0x00, 0x00,
  0x00, 0x00, 0x1F, 0xFB, 0x00, 0x00, 0x00, 0x00, 0x00, 0x00, 0xFF, 0xA0, 0x00, 0x00, 0x00, 0x00,
  0x00, 0x0F, 0xF9, 0x00, 0x00, 0x00, 0x00, 0x00, 0x00, 0xFF, 0x80, 0x00, 0x00, 0x00, 0x00, 0x00,
  0x0F, 0xF7, 0x00, 0x00, 0x00, 0x00, 0x00, 0x00, 0x01, 0x00, 0x00, 0x00, 0x00, 0x1A, 0xA9, 0x60,
  0x00, 0x00, 0x00, 0x00, 0x02, 0xFF, 0xFA, 0x00, 0x00, 0x00, 0x00, 0x00, 0x1F, 0xFF, 0xA0, 0x00,
  0x00, 0x00, 0x00, 0x01, 0xFF, 0xFA, 0x00, 0x00, 0x00, 0x00, 0x00, 0x1F, 0xFF, 0xEE, 0xFE, 0xC8,
  0x20, 0x00, 0x01, 0xFF, 0xFF, 0xFF, 0xFF, 0xFF, 0x90, 0x00, 0x1F, 0xFF, 0x83, 0x36, 0xCF, 0xFF,
  0xB0, 0x01, 0xFF, 0xF2, 0x00, 0x00, 0x9F, 0xFF, 0x70, 0x1F, 0xFF, 0x10, 0x00, 0x00, 0xDF, 0xFE,
  0x01, 0xFF, 0xF0, 0x00, 0x00, 0x07, 0xFF, 0xF4, 0x1F, 0xFE, 0x00, 0x00, 0x00, 0x2F, 0xFF, 0x62,
  0xFF, 0xD0, 0x00, 0x00, 0x00, 0xFF, 0xF8, 0x2F, 0xFC, 0x00, 0x00, 0x00, 0x0F, 0xFF, 0x72, 0xFF,
  0xA0, 0x00, 0x00, 0x02, 0xFF, 0xF5, 0x2F, 0xF9, 0x00, 0x00, 0x00, 0x7F, 0xFF, 0x12, 0xFF, 0x80,
  0x00, 0x00, 0x0E, 0xFF, 0xA0, 0x3F, 0xF7, 0x00, 0x00, 0x08, 0xFF, 0xE1, 0x03, 0xFF, 0x60, 0x00,
  0x08, 0xFF, 0xF4, 0x00, 0x3F, 0xF5, 0x02, 0x6D, 0xFF, 0xE3, 0x00, 0x03, 0xFF, 0xFF, 0xFF, 0xFF,
  0x80, 0x00, 0x00, 0x4F, 0xFF, 0xFE, 0xB7, 0x10, 0x00, 0x00, 0x04, 0xFF, 0x40, 0x00, 0x00, 0x00,
  0x00, 0x00, 0x4F, 0xF3, 0x00, 0x00, 0x00, 0x00, 0x00, 0x05, 0xFF, 0x30, 0x00, 0x00, 0x00, 0x00,
  0x00, 0x5F, 0xF2, 0x00, 0x00, 0x00, 0x00, 0x00, 0x00, 0x11, 0x00, 0x00, 0x00, 0x00, 0x00, 0x00,
  0x00, 0x00, 0x00, 0x00, 0x00, 0x00, 0x00, 0x00, 0x00, 0x00, 0x00, 0x00, 0x03, 0xAE, 0xFE, 0x91,
  0x00, 0x00, 0x00, 0x00, 0x00, 0x00, 0x7F, 0xFF, 0xFF, 0xFD, 0x00, 0x00, 0x00, 0x00, 0x00, 0x04,
  0xFF, 0xFB, 0x9E, 0xFF, 0x70, 0x00, 0x00, 0x00, 0x00, 0x0C, 0xFF, 0x60, 0x03, 0xFF, 0xB0, 0x00,
  0x00, 0x00, 0x00, 0x0F, 0xFD, 0x00, 0x00, 0xFF, 0xC0, 0x00, 0x00, 0x00, 0x00, 0x2F, 0xF8, 0x00,
  0x02, 0xFF, 0xA0, 0x00, 0x00, 0x00, 0x00, 0x3F, 0xF6, 0x00, 0x0D, 0xFF, 0x40, 0x00, 0x00, 0x00,
  0xBE, 0xFF, 0xF5, 0x00, 0xBF, 0xF9, 0x00, 0x00, 0x00, 0x00, 0xDF, 0xFF, 0xF5, 0x06, 0xFF, 0xB0,
  0x00, 0x00, 0x00, 0x00, 0x79, 0xAF, 0xF4, 0x0C, 0xFF, 0x10, 0x00, 0x00, 0x00, 0x00, 0x00, 0x3F,
  0xF4, 0x0F, 0xFD, 0x00, 0x00, 0x00, 0x00, 0x00, 0x00, 0x3F, 0xF3, 0x0E, 0xFF, 0x00, 0x00, 0x00,
  0x00, 0x00, 0x00, 0x3F, 0xF3, 0x09, 0xFF, 0xA0, 0x00, 0x00, 0x00, 0x00, 0x00, 0x3F, 0xF3, 0x02,
  0xFF, 0xFC, 0x51, 0x00, 0x00, 0x00, 0x00, 0x2F, 0xF3, 0x00, 0x3E, 0xFF, 0xFF, 0xD9, 0x20, 0x00,
  0x00, 0x2F, 0xF2, 0x00, 0x01, 0x9F, 0xFF, 0xFF, 0xF8, 0x00, 0x00, 0x2F, 0xF2, 0x00, 0x00, 0x01,
  0x59, 0xDF, 0xFF, 0x70, 0x00, 0x2F, 0xF2, 0x00, 0x00, 0x00, 0x00, 0x05, 0xFF, 0xF0, 0x00, 0x2F,
  0xF2, 0x0D, 0xFD, 0x00, 0x00, 0x00, 0x8F, 0xF3, 0x00, 0x1F, 0xF2, 0x0B, 0xFF, 0x20, 0x00, 0x00,
  0x7F, 0xF4, 0x00, 0x1F, 0xF2, 0x05, 0xFF, 0xC0, 0x00, 0x00, 0xDF, 0xF1, 0x00, 0x1F, 0xF2, 0x00,
  0xCF, 0xFD, 0x64, 0x6D, 0xFF, 0x90, 0x00, 0x0F, 0xF2, 0x00, 0x1D, 0xFF, 0xFF, 0xFF, 0xFB, 0x00,
  0x00, 0x0E, 0xE1, 0x00, 0x00, 0x7D, 0xFF, 0xFB, 0x60, 0x00, 0x00, 0x00, 0x00, 0x00, 0x00, 0x00,
  0x00, 0x00, 0x00, 0x00, 0x00, 0x01, 0x10, 0x00, 0x00, 0x00, 0x00, 0x00, 0x01, 0xDC, 0x00, 0x00,
  0x00, 0x00, 0x00, 0x00, 0xAF, 0xFC, 0x00, 0x00, 0x00, 0x00, 0x00, 0x00, 0x9F, 0xFC, 0x00, 0x00,
  0x00, 0x00, 0x00, 0x00, 0x4E, 0xFB, 0x00, 0x00, 0x00, 0x00, 0x00, 0x00, 0x1C, 0xD1, 0x00, 0x00,
  0x00, 0x00, 0x00, 0x00, 0x58, 0x64, 0x00, 0x00, 0x00, 0x00, 0x09, 0xFF, 0xFF, 0xFF, 0x80, 0x00,
  0x00, 0x1D, 0xFF, 0xFE, 0xEF, 0xFF, 0xB0, 0x00, 0x0B, 0xFF, 0xD3, 0x00, 0x2C, 0xFF, 0x70, 0x04,
  0xFF, 0xE1, 0x00, 0x00, 0x0E, 0xFE, 0x00, 0x8F, 0xF7, 0x00, 0x00, 0x00, 0x6F, 0xF3, 0x00, 0x38,
  0x20, 0x00, 0x00, 0x02, 0xFF, 0x60, 0x00, 0x00, 0x00, 0x00, 0x00, 0x0F, 0xF9, 0x00, 0x00, 0x38,
  0xAB, 0x94, 0x00, 0xEF, 0xA0, 0x02, 0xCF, 0xFF, 0xFF, 0xFE, 0x6E, 0xFA, 0x02, 0xEF, 0xFF, 0xBB,
  0xEF, 0xFF, 0xFF, 0xA0, 0xBF, 0xF9, 0x00, 0x00, 0x4C, 0xFF, 0xFA, 0x2F, 0xFD, 0x00, 0x00, 0x00,
  0x07, 0xFF, 0x95, 0xFF, 0x80, 0x00, 0x00, 0x00, 0x0D, 0xF9, 0x6F, 0xF7, 0x00, 0x00, 0x00, 0x02,
  0xFF, 0x83, 0xFF, 0xC0, 0x00, 0x00, 0x05, 0xEF, 0xF7, 0x0D, 0xFF, 0xB2, 0x01, 0x4B, 0xFF, 0xFF,
  0x60, 0x4F, 0xFF, 0xFF, 0xFF, 0xFF, 0x9F, 0xF5, 0x00, 0x3C, 0xFF, 0xFF, 0xFC, 0x50, 0xFF, 0x40,
  0x00, 0x02, 0x57, 0x52, 0x00, 0x00, 0x00, 0x00, 0x00, 0x00, 0x00, 0x00, 0x05, 0x10, 0x00, 0x00,
  0x00, 0x00, 0x00, 0x05, 0xFB, 0x00, 0x00, 0x00, 0x00, 0x00, 0x03, 0xFF, 0xF4, 0x00, 0x00, 0x00,
  0x00, 0x02, 0xFF, 0xE4, 0x00, 0x00, 0x00, 0x00, 0x01, 0xEF, 0xB1, 0x00, 0x00, 0x00, 0x00, 0x00,
  0x3F, 0x70, 0x00, 0x00, 0x00, 0x00, 0x00, 0x00, 0x10, 0x00, 0x00, 0x00, 0x00, 0x00, 0x05, 0x76,
  0x40, 0x00, 0x00, 0x00, 0x00, 0x9F, 0xFF, 0xFF, 0xF8, 0x00, 0x00, 0x01, 0xDF, 0xFF, 0xEE, 0xFF,
  0xFB, 0x00, 0x00, 0xBF, 0xFD, 0x30, 0x02, 0xCF, 0xF7, 0x00, 0x4F, 0xFE, 0x10, 0x00, 0x00, 0xEF,
  0xE0, 0x08, 0xFF, 0x70, 0x00, 0x00, 0x06, 0xFF, 0x30, 0x03, 0x82, 0x00, 0x00, 0x00, 0x2F, 0xF6,
  0x00, 0x00, 0x00, 0x00, 0x00, 0x00, 0xFF, 0x90, 0x00, 0x03, 0x8A, 0xB9, 0x40, 0x0E, 0xFA, 0x00,
  0x2C, 0xFF, 0xFF, 0xFF, 0xE6, 0xEF, 0xA0, 0x2E, 0xFF, 0xFB, 0xBE, 0xFF, 0xFF, 0xFA, 0x0B, 0xFF,
  0x90, 0x00, 0x04, 0xCF, 0xFF, 0xA2, 0xFF, 0xD0, 0x00, 0x00, 0x00, 0x7F, 0xF9, 0x5F, 0xF8, 0x00,
  0x00, 0x00, 0x00, 0xDF, 0x96, 0xFF, 0x70, 0x00, 0x00, 0x00, 0x2F, 0xF8, 0x3F, 0xFC, 0x00, 0x00,
  0x00, 0x5E, 0xFF, 0x70, 0xDF, 0xFB, 0x20, 0x14, 0xBF, 0xFF, 0xF6, 0x04, 0xFF, 0xFF, 0xFF, 0xFF,
  0xF9, 0xFF, 0x50, 0x03, 0xCF, 0xFF, 0xFF, 0xC5, 0x0F, 0xF4, 0x00, 0x00, 0x25, 0x75, 0x20, 0x00,
  0x00, 0x00, 0x00, 0x00, 0x00, 0x39, 0x60, 0x00, 0x00, 0x00, 0x00, 0x00, 0x0C, 0xFF, 0x20, 0x00,
  0x00, 0x00, 0x00, 0x05, 0xFF, 0xFA, 0x00, 0x00, 0x00, 0x00, 0x00, 0xDF, 0x4E, 0xF2, 0x00, 0x00,
  0x00, 0x00, 0x6F, 0xE0, 0x8F, 0xB0, 0x00, 0x00, 0x00, 0x04, 0xD9, 0x01, 0xE7, 0x00, 0x00, 0x00,
  0x00, 0x00, 0x10, 0x00, 0x00, 0x00, 0x00, 0x00, 0x00, 0x05, 0x76, 0x40, 0x00, 0x00, 0x00, 0x00,
  0x9F, 0xFF, 0xFF, 0xF8, 0x00, 0x00, 0x01, 0xDF, 0xFF, 0xEE, 0xFF, 0xFB, 0x00, 0x00, 0xBF, 0xFD,
  0x30, 0x02, 0xCF, 0xF7, 0x00, 0x4F, 0xFE, 0x10, 0x00, 0x00, 0xEF, 0xE0, 0x08, 0xFF, 0x70, 0x00,
  0x00, 0x06, 0xFF, 0x30, 0x03, 0x82, 0x00, 0x00, 0x00, 0x2F, 0xF6, 0x00, 0x00, 0x00, 0x00, 0x00,
  0x00, 0xFF, 0x90, 0x00, 0x03, 0x8A, 0xB9, 0x40, 0x0E, 0xFA, 0x00, 0x2C, 0xFF, 0xFF, 0xFF, 0xE6,
  0xEF, 0xA0, 0x2E, 0xFF, 0xFB, 0xBE, 0xFF, 0xFF, 0xFA, 0x0B, 0xFF, 0x90, 0x00, 0x04, 0xCF, 0xFF,
  0xA2, 0xFF, 0xD0, 0x00, 0x00, 0x00, 0x7F, 0xF9, 0x5F, 0xF8, 0x00, 0x00, 0x00, 0x00, 0xDF, 0x96,
  0xFF, 0x70, 0x00, 0x00, 0x00, 0x2F, 0xF8, 0x3F, 0xFC, 0x00, 0x00, 0x00, 0x5E, 0xFF, 0x70, 0xDF,
  0xFB, 0x20, 0x14, 0xBF, 0xFF, 0xF6, 0x04, 0xFF, 0xFF, 0xFF, 0xFF, 0xF9, 0xFF, 0x50, 0x03, 0xCF,
  0xFF, 0xFF, 0xC5, 0x0F, 0xF4, 0x00, 0x00, 0x25, 0x75, 0x20, 0x00, 0x00, 0x00, 0x00, 0x00, 0x18,
  0x81, 0x05, 0xA3, 0x00, 0x00, 0x00, 0x0C, 0xFF, 0xD0, 0x5F, 0x80, 0x00, 0x00, 0x02, 0xFD, 0x9F,
  0xBC, 0xF7, 0x00, 0x00, 0x00, 0x4F, 0x90, 0xAF, 0xFE, 0x10, 0x00, 0x00, 0x02, 0x85, 0x00, 0x78,
  0x20, 0x00, 0x00, 0x00, 0x00, 0x05, 0x76, 0x40, 0x00, 0x00, 0x00, 0x00, 0x9F, 0xFF, 0xFF, 0xF8,
  0x00, 0x00, 0x01, 0xDF, 0xFF, 0xEE, 0xFF, 0xFB, 0x00, 0x00, 0xBF, 0xFD, 0x30, 0x02, 0xCF, 0xF7,
  0x00, 0x4F, 0xFE, 0x10, 0x00, 0x00, 0xEF, 0xE0, 0x08, 0xFF, 0x70, 0x00, 0x00, 0x06, 0xFF, 0x30,
  0x03, 0x82, 0x00, 0x00, 0x00, 0x2F, 0xF6, 0x00, 0x00, 0x00, 0x00, 0x00, 0x00, 0xFF, 0x90, 0x00,
  0x03, 0x8A, 0xB9, 0x40, 0x0E, 0xFA, 0x00, 0x2C, 0xFF, 0xFF, 0xFF, 0xE6, 0xEF, 0xA0, 0x2E, 0xFF,
  0xFB, 0xBE, 0xFF, 0xFF, 0xFA, 0x0B, 0xFF, 0x90, 0x00, 0x04, 0xCF, 0xFF, 0xA2, 0xFF, 0xD0, 0x00,
  0x00, 0x00, 0x7F, 0xF9, 0x5F, 0xF8, 0x00, 0x00, 0x00, 0x00, 0xDF, 0x96, 0xFF, 0x70, 0x00, 0x00,
  0x00, 0x2F, 0xF8, 0x3F, 0xFC, 0x00, 0x00, 0x00, 0x5E, 0xFF, 0x70, 0xDF, 0xFB, 0x20, 0x14, 0xBF,
  0xFF, 0xF6, 0x04, 0xFF, 0xFF, 0xFF, 0xFF, 0xF9, 0xFF, 0x50, 0x03, 0xCF, 0xFF, 0xFF, 0xC5, 0x0F,
  0xF4, 0x00, 0x00, 0x25, 0x75, 0x20, 0x00, 0x00, 0x00, 0x00, 0x00, 0x56, 0x00, 0x04, 0x60, 0x00,
  0x00, 0x00, 0x6F, 0xF7, 0x04, 0xFF, 0x90, 0x00, 0x00, 0x07, 0xFF, 0x90, 0x6F, 0xFB, 0x00, 0x00,
  0x00, 0x1A, 0xA1, 0x00, 0x9B, 0x20, 0x00, 0x00, 0x00, 0x00, 0x57, 0x64, 0x00, 0x00, 0x00, 0x00,
  0x09, 0xFF, 0xFF, 0xFF, 0x80, 0x00, 0x00, 0x1D, 0xFF, 0xFE, 0xEF, 0xFF, 0xB0, 0x00, 0x0B, 0xFF,
  0xD3, 0x00, 0x2C, 0xFF, 0x70, 0x04, 0xFF, 0xE1, 0x00, 0x00, 0x0E, 0xFE, 0x00, 0x8F, 0xF7, 0x00,
  0x00, 0x00, 0x6F, 0xF3, 0x00, 0x38, 0x20, 0x00, 0x00, 0x02, 0xFF, 0x60, 0x00, 0x00, 0x00, 0x00,
  0x00, 0x0F, 0xF9, 0x00, 0x00, 0x38, 0xAB, 0x94, 0x00, 0xEF, 0xA0, 0x02, 0xCF, 0xFF, 0xFF, 0xFE,
  0x6E, 0xFA, 0x02, 0xEF, 0xFF, 0xBB, 0xEF, 0xFF, 0xFF, 0xA0, 0xBF, 0xF9, 0x00, 0x00, 0x4C, 0xFF,
  0xFA, 0x2F, 0xFD, 0x00, 0x00, 0x00, 0x07, 0xFF, 0x95, 0xFF, 0x80, 0x00, 0x00, 0x00, 0x0D, 0xF9,
  0x6F, 0xF7, 0x00, 0x00, 0x00, 0x02, 0xFF, 0x83, 0xFF, 0xC0, 0x00, 0x00, 0x05, 0xEF, 0xF7, 0x0D,
  0xFF, 0xB2, 0x01, 0x4B, 0xFF, 0xFF, 0x60, 0x4F, 0xFF, 0xFF, 0xFF, 0xFF, 0x9F, 0xF5, 0x00, 0x3C,
  0xFF, 0xFF, 0xFC, 0x50, 0xFF, 0x40, 0x00, 0x02, 0x57, 0x52, 0x00, 0x00, 0x00, 0x00, 0x00, 0x00,
  0x14, 0x10, 0x00, 0x00, 0x00, 0x00, 0x00, 0x6F, 0xFF, 0x90, 0x00, 0x00, 0x00, 0x00, 0x2F, 0xE7,
  0xCF, 0x50, 0x00, 0x00, 0x00, 0x05, 0xF6, 0x02, 0xF9, 0x00, 0x00, 0x00, 0x00, 0x4F, 0xA1, 0x7F,
  0x70, 0x00, 0x00, 0x00, 0x00, 0xBF, 0xFF, 0xD1, 0x00, 0x00, 0x00, 0x00, 0x00, 0x69, 0x70, 0x00,
  0x00, 0x00, 0x00, 0x00, 0x05, 0x76, 0x40, 0x00, 0x00, 0x00, 0x00, 0x9F, 0xFF, 0xFF, 0xF8, 0x00,
  0x00, 0x01, 0xDF, 0xFF, 0xEE, 0xFF, 0xFB, 0x00, 0x00, 0xBF, 0xFD, 0x30, 0x02, 0xCF, 0xF7, 0x00,
  0x4F, 0xFE, 0x10, 0x00, 0x00, 0xEF, 0xE0, 0x08, 0xFF, 0x70, 0x00, 0x00, 0x06, 0xFF, 0x30, 0x03,
  0x82, 0x00, 0x00, 0x00, 0x2F, 0xF6, 0x00, 0x00, 0x00, 0x00, 0x00, 0x00, 0xFF, 0x90, 0x00, 0x03,
  0x8A, 0xB9, 0x40, 0x0E, 0xFA, 0x00, 0x2C, 0xFF, 0xFF, 0xFF, 0xE6, 0xEF, 0xA0, 0x2E, 0xFF, 0xFB,
  0xBE, 0xFF, 0xFF, 0xFA, 0x0B, 0xFF, 0x90, 0x00, 0x04, 0xCF, 0xFF, 0xA2, 0xFF, 0xD0, 0x00, 0x00,
  0x00, 0x7F, 0xF9, 0x5F, 0xF8, 0x00, 0x00, 0x00, 0x00, 0xDF, 0x96, 0xFF, 0x70, 0x00, 0x00, 0x00,
  0x2F, 0xF8, 0x3F, 0xFC, 0x00, 0x00, 0x00, 0x5E, 0xFF, 0x70, 0xDF, 0xFB, 0x20, 0x14, 0xBF, 0xFF,
  0xF6, 0x04, 0xFF, 0xFF, 0xFF, 0xFF, 0xF9, 0xFF, 0x50, 0x03, 0xCF, 0xFF, 0xFF, 0xC5, 0x0F, 0xF4,
  0x00, 0x00, 0x25, 0x75, 0x20, 0x00, 0x00, 0x00, 0x00, 0x00, 0x01, 0x57, 0x65, 0x10, 0x00, 0x00,
  0x17, 0xAB, 0xA7, 0x20, 0x00, 0x00, 0x00, 0x08, 0xFF, 0xFF, 0xFF, 0x90, 0x00, 0x8F, 0xFF, 0xFF,
  0xFF, 0x90, 0x00, 0x00, 0x0C, 0xFF, 0xFE, 0xEF, 0xFF, 0xB0, 0xAF, 0xFF, 0xFD, 0xFF, 0xFF, 0xB0,
  0x00, 0x09, 0xFF, 0xD3, 0x00, 0x2B, 0xFF, 0xBF, 0xFE, 0x50, 0x00, 0x5E, 0xFF, 0x70, 0x03, 0xFF,
  0xE1, 0x00, 0x00, 0x0D, 0xFF, 0xFE, 0x10, 0x00, 0x00, 0x2F, 0xFE, 0x00, 0x8F, 0xF7, 0x00, 0x00,
  0x00, 0x5F, 0xFF, 0x50, 0x00, 0x00, 0x00, 0x7F, 0xF5, 0x00, 0x38, 0x20, 0x00, 0x00, 0x01, 0xFF,
  0xF0, 0x00, 0x00, 0x00, 0x01, 0xFF, 0x90, 0x00, 0x00, 0x00, 0x00, 0x00, 0x0F, 0xFF, 0xFF, 0xFF,
  0xFF, 0xFF, 0xFF, 0xFB, 0x00, 0x00, 0x38, 0xAB, 0x94, 0x00, 0xEF, 0xFF, 0xFF, 0xFF, 0xFF, 0xFF,
  0xFF, 0xC0, 0x02, 0xCF, 0xFF, 0xFF, 0xFE, 0x6E, 0xFC, 0x33, 0x33, 0x33, 0x33, 0x33, 0x33, 0x02,
  0xEF, 0xFF, 0xBB, 0xEF, 0xFF, 0xFF, 0xC0, 0x00, 0x00, 0x00, 0x00, 0x00, 0x00, 0xBF, 0xF9, 0x00,
  0x00, 0x4C, 0xFF, 0xFD, 0x00, 0x00, 0x00, 0x00, 0x00, 0x00, 0x2F, 0xFD, 0x00, 0x00, 0x00, 0x07,
  0xFF, 0xF0, 0x00, 0x00, 0x00, 0x00, 0x00, 0x05, 0xFF, 0x80, 0x00, 0x00, 0x00, 0x0E, 0xFF, 0x50,
  0x00, 0x00, 0x00, 0x2F, 0xB0, 0x6F, 0xF7, 0x00, 0x00, 0x00, 0x02, 0xFF, 0xFD, 0x00, 0x00, 0x00,
  0x0B, 0xFB, 0x03, 0xFF, 0xC0, 0x00, 0x00, 0x04, 0xEF, 0xBF, 0xFA, 0x00, 0x00, 0x1A, 0xFF, 0x40,
  0x0D, 0xFF, 0xB2, 0x01, 0x4B, 0xFF, 0x80, 0xCF, 0xFE, 0x86, 0x9E, 0xFF, 0x90, 0x00, 0x4F, 0xFF,
  0xFF, 0xFF, 0xFF, 0x70, 0x01, 0xCF, 0xFF, 0xFF, 0xFF, 0x90, 0x00, 0x00, 0x3C, 0xFF, 0xFF, 0xFB,
  0x30, 0x00, 0x00, 0x6D, 0xFF, 0xFA, 0x30, 0x00, 0x00, 0x00, 0x02, 0x56, 0x52, 0x00, 0x00, 0x00,
  0x00, 0x00, 0x10, 0x00, 0x00, 0x00, 0x00, 0x00, 0x01, 0x57, 0x75, 0x10, 0x00, 0x00, 0x00, 0x00,
  0x9F, 0xFF, 0xFF, 0xFA, 0x10, 0x00, 0x00, 0x0D, 0xFF, 0xFE, 0xFF, 0xFF, 0xE2, 0x00, 0x00, 0xAF,
  0xFA, 0x10, 0x03, 0xBF, 0xFC, 0x00, 0x03, 0xFF, 0xA0, 0x00, 0x00, 0x08, 0xFF, 0x50, 0x08, 0xFF,
  0x10, 0x00, 0x00, 0x00, 0xDF, 0xB0, 0x0D, 0xFC, 0x00, 0x00, 0x00, 0x00, 0x7F, 0xF0, 0x0F, 0xF9,
  0x00, 0x00, 0x00, 0x00, 0x3B, 0x70, 0x1F, 0xF7, 0x00, 0x00, 0x00, 0x00, 0x00, 0x00, 0x1F, 0xF7,
  0x00, 0x00, 0x00, 0x00, 0x00, 0x00, 0x0F, 0xF7, 0x00, 0x00, 0x00, 0x00, 0x00, 0x00, 0x0F, 0xFA,
  0x00, 0x00, 0x00, 0x00, 0x00, 0x00, 0x0C, 0xFE, 0x00, 0x00, 0x00, 0x00, 0x00, 0x00, 0x08, 0xFF,
  0x40, 0x00, 0x00, 0x00, 0x5D, 0x60, 0x02, 0xFF, 0xC0, 0x00, 0x00, 0x00, 0xDF, 0xE0, 0x00, 0xBF,
  0xF7, 0x00, 0x00, 0x0B, 0xFF, 0x60, 0x00, 0x2E, 0xFF, 0x92, 0x26, 0xDF, 0xF9, 0x00, 0x00, 0x04,
  0xFF, 0xFF, 0xFF, 0xFF, 0x70, 0x00, 0x00, 0x00, 0x2A, 0xEF, 0xFD, 0x81, 0x00, 0x00, 0x00, 0x00,
  0x00, 0x0B, 0x60, 0x00, 0x00, 0x00, 0x00, 0x00, 0x00, 0x1D, 0xF6, 0x00, 0x00, 0x00, 0x00, 0x00,
  0x00, 0x10, 0x7E, 0x00, 0x00, 0x00, 0x00, 0x00, 0x00, 0xBE, 0xFC, 0x00, 0x00, 0x00, 0x00, 0x00,
  0x00, 0x2A, 0xA2, 0x00, 0x00, 0x00, 0x00, 0x01, 0x10, 0x00, 0x00, 0x00, 0x00, 0x00, 0x00, 0x1D,
  0xD1, 0x00, 0x00, 0x00, 0x00, 0x00, 0x00, 0x9F, 0xFC, 0x00, 0x00, 0x00, 0x00, 0x00, 0x00, 0x08,
  0xFF, 0xC0, 0x00, 0x00, 0x00, 0x00, 0x00, 0x00, 0x4E, 0xFB, 0x00, 0x00, 0x00, 0x00, 0x00, 0x00,
  0x01, 0xCD, 0x10, 0x00, 0x00, 0x00, 0x00, 0x00, 0x00, 0x01, 0x00, 0x00, 0x00, 0x00, 0x00, 0x00,
  0x03, 0x8A, 0xB9, 0x50, 0x00, 0x00, 0x00, 0x01, 0xCF, 0xFF, 0xFF, 0xFE, 0x50, 0x00, 0x00, 0x1E,
  0xFF, 0xFE, 0xDF, 0xFF, 0xF6, 0x00, 0x00, 0xBF, 0xFC, 0x30, 0x01, 0x8F, 0xFF, 0x20, 0x02, 0xFF,
  0xA0, 0x00, 0x00, 0x07, 0xFF, 0xA0, 0x08, 0xFF, 0x10, 0x00, 0x00, 0x00, 0xCF, 0xF0, 0x0C, 0xFB,
  0x00, 0x00, 0x00, 0x00, 0x6F, 0xF3, 0x0F, 0xFF, 0xFF, 0xFF, 0xFF, 0xFF, 0xFF, 0xF6, 0x1F, 0xFF,
  0xFF, 0xFF, 0xFF, 0xFF, 0xFF, 0xF7, 0x1F, 0xF9, 0x33, 0x33, 0x33, 0x33, 0x33, 0x31, 0x1F, 0xF7,
  0x00, 0x00, 0x00, 0x00, 0x00, 0x00, 0x0F, 0xF8, 0x00, 0x00, 0x00, 0x00, 0x00, 0x00, 0x0C, 0xFB,
  0x00, 0x00, 0x00, 0x00, 0x00, 0x00, 0x09, 0xFF, 0x10, 0x00, 0x00, 0x00, 0x8E, 0x70, 0x03, 0xFF,
  0x80, 0x00, 0x00, 0x02, 0xFF, 0x60, 0x00, 0xCF, 0xF6, 0x00, 0x00, 0x2D, 0xFE, 0x00, 0x00, 0x3F,
  0xFF, 0xC7, 0x6A, 0xFF, 0xF4, 0x00, 0x00, 0x04, 0xFF, 0xFF, 0xFF, 0xFF, 0x50, 0x00, 0x00, 0x00,
  0x29, 0xEF, 0xFE, 0x81, 0x00, 0x00, 0x00, 0x00, 0x00, 0x01, 0x10, 0x00, 0x00, 0x00, 0x00, 0x00,
  0x00, 0x00, 0x00, 0x01, 0x50, 0x00, 0x00, 0x00, 0x00, 0x00, 0x00, 0x0C, 0xF3, 0x00, 0x00, 0x00,
  0x00, 0x00, 0x00, 0xBF, 0xFB, 0x00, 0x00, 0x00, 0x00, 0x00, 0x0A, 0xFF, 0x90, 0x00, 0x00, 0x00,
  0x00, 0x00, 0x8F, 0xF5, 0x00, 0x00, 0x00, 0x00, 0x00, 0x00, 0xBC, 0x20, 0x00, 0x00, 0x00, 0x00,
  0x00, 0x00, 0x00, 0x00, 0x00, 0x00, 0x00, 0x00, 0x03, 0x8A, 0xB9, 0x50, 0x00, 0x00, 0x00, 0x01,
  0xCF, 0xFF, 0xFF, 0xFE, 0x50, 0x00, 0x00, 0x1E, 0xFF, 0xFE, 0xDF, 0xFF, 0xF6, 0x00, 0x00, 0xBF,
  0xFC, 0x30, 0x01, 0x8F, 0xFF, 0x20, 0x02, 0xFF, 0xA0, 0x00, 0x00, 0x07, 0xFF, 0xA0, 0x08, 0xFF,
  0x10, 0x00, 0x00, 0x00, 0xCF, 0xF0, 0x0C, 0xFB, 0x00, 0x00, 0x00, 0x00, 0x6F, 0xF3, 0x0F, 0xFF,
  0xFF, 0xFF, 0xFF, 0xFF, 0xFF, 0xF6, 0x1F, 0xFF, 0xFF, 0xFF, 0xFF, 0xFF, 0xFF, 0xF7, 0x1F, 0xF9,
  0x33, 0x33, 0x33, 0x33, 0x33, 0x31, 0x1F, 0xF7, 0x00, 0x00, 0x00, 0x00, 0x00, 0x00, 0x0F, 0xF8,
  0x00, 0x00, 0x00, 0x00, 0x00, 0x00, 0x0C, 0xFB, 0x00, 0x00, 0x00, 0x00, 0x00, 0x00, 0x09, 0xFF,
  0x10, 0x00, 0x00, 0x00, 0x8E, 0x70, 0x03, 0xFF, 0x80, 0x00, 0x00, 0x02, 0xFF, 0x60, 0x00, 0xCF,
  0xF6, 0x00, 0x00, 0x2D, 0xFE, 0x00, 0x00, 0x3F, 0xFF, 0xC7, 0x6A, 0xFF, 0xF4, 0x00, 0x00, 0x04,
  0xFF, 0xFF, 0xFF, 0xFF, 0x50, 0x00, 0x00, 0x00, 0x29, 0xEF, 0xFE, 0x81, 0x00, 0x00, 0x00, 0x00,
  0x00, 0x01, 0x10, 0x00, 0x00, 0x00, 0x00, 0x00, 0x00, 0x07, 0x92, 0x00, 0x00, 0x00, 0x00, 0x00,
  0x00, 0x4F, 0xFA, 0x00, 0x00, 0x00, 0x00, 0x00, 0x00, 0xCF, 0xFF, 0x30, 0x00, 0x00, 0x00, 0x00,
  0x05, 0xFD, 0x6F, 0xB0, 0x00, 0x00, 0x00, 0x00, 0x0D, 0xF7, 0x0F, 0xF3, 0x00, 0x00, 0x00, 0x00,
  0x09, 0xF1, 0x08, 0xC3, 0x00, 0x00, 0x00, 0x00, 0x00, 0x10, 0x00, 0x00, 0x00, 0x00, 0x00, 0x00,
  0x03, 0x8A, 0xB9, 0x50, 0x00, 0x00, 0x00, 0x01, 0xCF, 0xFF, 0xFF, 0xFE, 0x50, 0x00, 0x00, 0x1E,
  0xFF, 0xFE, 0xDF, 0xFF, 0xF6, 0x00, 0x00, 0xBF, 0xFC, 0x30, 0x01, 0x8F, 0xFF, 0x20, 0x02, 0xFF,
  0xA0, 0x00, 0x00, 0x07, 0xFF, 0xA0, 0x08, 0xFF, 0x10, 0x00, 0x00, 0x00, 0xCF, 0xF0, 0x0C, 0xFB,
  0x00, 0x00, 0x00, 0x00, 0x6F, 0xF3, 0x0F, 0xFF, 0xFF, 0xFF, 0xFF, 0xFF, 0xFF, 0xF6, 0x1F, 0xFF,
  0xFF, 0xFF, 0xFF, 0xFF, 0xFF, 0xF7, 0x1F, 0xF9, 0x33, 0x33, 0x33, 0x33, 0x33, 0x31, 0x1F, 0xF7,
  0x00, 0x00, 0x00, 0x00, 0x00, 0x00, 0x0F, 0xF8, 0x00, 0x00, 0x00, 0x00, 0x00, 0x00, 0x0C, 0xFB,
  0x00, 0x00, 0x00, 0x00, 0x00, 0x00, 0x09, 0xFF, 0x10, 0x00, 0x00, 0x00, 0x8E, 0x70, 0x03, 0xFF,
  0x80, 0x00, 0x00, 0x02, 0xFF, 0x60, 0x00, 0xCF, 0xF6, 0x00, 0x00, 0x2D, 0xFE, 0x00, 0x00, 0x3F,
  0xFF, 0xC7, 0x6A, 0xFF, 0xF4, 0x00, 0x00, 0x04, 0xFF, 0xFF, 0xFF, 0xFF, 0x50, 0x00, 0x00, 0x00,
  0x29, 0xEF, 0xFE, 0x81, 0x00, 0x00, 0x00, 0x00, 0x00, 0x01, 0x10, 0x00, 0x00, 0x00, 0x00, 0x00,
  0x17, 0x30, 0x00, 0x74, 0x00, 0x00, 0x00, 0x00, 0xCF, 0xF1, 0x0B, 0xFF, 0x30, 0x00, 0x00, 0x00,
  0xEF, 0xF2, 0x0C, 0xFF, 0x40, 0x00, 0x00, 0x00, 0x4B, 0x70, 0x03, 0xB8, 0x00, 0x00, 0x00, 0x00,
  0x00, 0x00, 0x00, 0x00, 0x00, 0x00, 0x00, 0x00, 0x03, 0x8A, 0xB9, 0x50, 0x00, 0x00, 0x00, 0x01,
  0xCF, 0xFF, 0xFF, 0xFE, 0x50, 0x00, 0x00, 0x1E, 0xFF, 0xFE, 0xDF, 0xFF, 0xF6, 0x00, 0x00, 0xBF,
  0xFC, 0x30, 0x01, 0x8F, 0xFF, 0x20, 0x02, 0xFF, 0xA0, 0x00, 0x00, 0x07, 0xFF, 0xA0, 0x08, 0xFF,
  0x10, 0x00, 0x00, 0x00, 0xCF, 0xF0, 0x0C, 0xFB, 0x00, 0x00, 0x00, 0x00, 0x6F, 0xF3, 0x0F, 0xFF,
  0xFF, 0xFF, 0xFF, 0xFF, 0xFF, 0xF6, 0x1F, 0xFF, 0xFF, 0xFF, 0xFF, 0xFF, 0xFF, 0xF7, 0x1F, 0xF9,
  0x33, 0x33, 0x33, 0x33, 0x33, 0x31, 0x1F, 0xF7, 0x00, 0x00, 0x00, 0x00, 0x00, 0x00, 0x0F, 0xF8,
  0x00, 0x00, 0x00, 0x00, 0x00, 0x00, 0x0C, 0xFB, 0x00, 0x00, 0x00, 0x00, 0x00, 0x00, 0x09, 0xFF,
  0x10, 0x00, 0x00, 0x00, 0x8E, 0x70, 0x03, 0xFF, 0x80, 0x00, 0x00, 0x02, 0xFF, 0x60, 0x00, 0xCF,
  0xF6, 0x00, 0x00, 0x2D, 0xFE, 0x00, 0x00, 0x3F, 0xFF, 0xC7, 0x6A, 0xFF, 0xF4, 0x00, 0x00, 0x04,
  0xFF, 0xFF, 0xFF, 0xFF, 0x50, 0x00, 0x00, 0x00, 0x29, 0xEF, 0xFE, 0x81, 0x00, 0x00, 0x00, 0x00,
  0x00, 0x01, 0x10, 0x00, 0x00, 0x00, 0x20, 0x00, 0x00, 0xF9, 0x00, 0x00, 0xFF, 0x90, 0x00, 0xBF,
  0xF8, 0x00, 0x07, 0xFF, 0x80, 0x00, 0x3E, 0xA0, 0x00, 0x01, 0x00, 0x00, 0x02, 0x10, 0x00, 0x2F,
  0xFA, 0x00, 0x2F, 0xFA, 0x00, 0x2F, 0xFA, 0x00, 0x2F, 0xFA, 0x00, 0x2F, 0xFA, 0x00, 0x2F, 0xFA,
  0x00, 0x2F, 0xFA, 0x00, 0x2F, 0xFA, 0x00, 0x2F, 0xFA, 0x00, 0x2F, 0xFA, 0x00, 0x2F, 0xFA, 0x00,
  0x2F, 0xFA, 0x00, 0x2F, 0xFA, 0x00, 0x2F, 0xFA, 0x00, 0x2F, 0xFA, 0x00, 0x2F, 0xFA, 0x00, 0x19,
  0x95, 0x00, 0x00, 0x00, 0x60, 0x00, 0x00, 0x00, 0xAF, 0x60, 0x00, 0x00, 0x9F, 0xFE, 0x00, 0x00,
  0x7F, 0xFB, 0x10, 0x00, 0x6F, 0xF7, 0x00, 0x00, 0x08, 0xE3, 0x00, 0x00, 0x02, 0x11, 0x00, 0x00,
  0x02, 0xFF, 0xA0, 0x00, 0x00, 0x2F, 0xFA, 0x00, 0x00, 0x02, 0xFF, 0xA0, 0x00, 0x00, 0x2F, 0xFA,
  0x00, 0x00, 0x02, 0xFF, 0xA0, 0x00, 0x00, 0x2F, 0xFA, 0x00, 0x00, 0x02, 0xFF, 0xA0, 0x00, 0x00,
  0x2F, 0xFA, 0x00, 0x00, 0x02, 0xFF, 0xA0, 0x00, 0x00, 0x2F, 0xFA, 0x00, 0x00, 0x02, 0xFF, 0xA0,
  0x00, 0x00, 0x2F, 0xFA, 0x00, 0x00, 0x02, 0xFF, 0xA0, 0x00, 0x00, 0x2F, 0xFA, 0x00, 0x00, 0x02,
  0xFF, 0xA0, 0x00, 0x00, 0x2F, 0xFA, 0x00, 0x00, 0x01, 0x99, 0x50, 0x00, 0x00, 0x00, 0x59, 0x40,
  0x00, 0x1F, 0xFD, 0x00, 0x08, 0xFF, 0xF6, 0x01, 0xFF, 0x3F, 0xE0, 0xAF, 0xB0, 0xCF, 0x77, 0xE5,
  0x05, 0xE5, 0x00, 0x00, 0x00, 0x00, 0x02, 0x10, 0x00, 0x02, 0xFF, 0xA0, 0x00, 0x2F, 0xFA, 0x00,
  0x02, 0xFF, 0xA0, 0x00, 0x2F, 0xFA, 0x00, 0x02, 0xFF, 0xA0, 0x00, 0x2F, 0xFA, 0x00, 0x02, 0xFF,
  0xA0, 0x00, 0x2F, 0xFA, 0x00, 0x02, 0xFF, 0xA0, 0x00, 0x2F, 0xFA, 0x00, 0x02, 0xFF, 0xA0, 0x00,
  0x2F, 0xFA, 0x00, 0x02, 0xFF, 0xA0, 0x00, 0x2F, 0xFA, 0x00, 0x02, 0xFF, 0xA0, 0x00, 0x2F, 0xFA,
  0x00, 0x01, 0x99, 0x50, 0x00, 0x06, 0x40, 0x00, 0x65, 0x09, 0xFF, 0x40, 0x7F, 0xF6, 0xAF, 0xF6,
  0x09, 0xFF, 0x82, 0xB9, 0x00, 0x1A, 0xA1, 0x00, 0x02, 0x10, 0x00, 0x00, 0x02, 0xFF, 0xA0, 0x00,
  0x00, 0x2F, 0xFA, 0x00, 0x00, 0x02, 0xFF, 0xA0, 0x00, 0x00, 0x2F, 0xFA, 0x00, 0x00, 0x02, 0xFF,
  0xA0, 0x00, 0x00, 0x2F, 0xFA, 0x00, 0x00, 0x02, 0xFF, 0xA0, 0x00, 0x00, 0x2F, 0xFA, 0x00, 0x00,
  0x02, 0xFF, 0xA0, 0x00, 0x00, 0x2F, 0xFA, 0x00, 0x00, 0x02, 0xFF, 0xA0, 0x00, 0x00, 0x2F, 0xFA,
  0x00, 0x00, 0x02, 0xFF, 0xA0, 0x00, 0x00, 0x2F, 0xFA, 0x00, 0x00, 0x02, 0xFF, 0xA0, 0x00, 0x00,
  0x2F, 0xFA, 0x00, 0x00, 0x01, 0x99, 0x50, 0x00, 0x00, 0x00, 0x00, 0x17, 0x90, 0x00, 0x00, 0x00,
  0x00, 0x00, 0x07, 0xFF, 0xFA, 0x00, 0x40, 0x00, 0x00, 0x00, 0x01, 0xDF, 0xFF, 0xCF, 0xF4, 0x00,
  0x00, 0x00, 0x01, 0x8F, 0xFF, 0xFF, 0xE5, 0x00, 0x00, 0x00, 0x03, 0xFF, 0xFF, 0xFE, 0x00, 0x00,
  0x00, 0x00, 0x00, 0xED, 0x8F, 0xFF, 0x50, 0x00, 0x00, 0x00, 0x00, 0x10, 0x09, 0xFF, 0xD0, 0x00,
  0x00, 0x00, 0x05, 0xAC, 0xCB, 0xFF, 0xF4, 0x00, 0x00, 0x02, 0xCF, 0xFF, 0xFF, 0xFF, 0xFA, 0x00,
  0x00, 0x1E, 0xFF, 0xC8, 0x8B, 0xFF, 0xFF, 0x00, 0x00, 0xBF, 0xF6, 0x00, 0x00, 0x5F, 0xFF, 0x40,
  0x03, 0xFF, 0x90, 0x00, 0x00, 0x08, 0xFF, 0x70, 0x09, 0xFF, 0x10, 0x00, 0x00, 0x01, 0xFF, 0xA0,
  0x0D, 0xFC, 0x00, 0x00, 0x00, 0x00, 0xCF, 0xD0, 0x0F, 0xF9, 0x00, 0x00, 0x00, 0x00, 0x9F, 0xE0,
  0x1F, 0xF8, 0x00, 0x00, 0x00, 0x00, 0x8F, 0xF0, 0x1F, 0xF7, 0x00, 0x00, 0x00, 0x00, 0x8F, 0xF0,
  0x0F, 0xF8, 0x00, 0x00, 0x00, 0x00, 0x9F, 0xF0, 0x0E, 0xFA, 0x00, 0x00, 0x00, 0x00, 0xBF, 0xE0,
  0x0B, 0xFE, 0x00, 0x00, 0x00, 0x00, 0xEF, 0xA0, 0x07, 0xFF, 0x30, 0x00, 0x00, 0x04, 0xFF, 0x70,
  0x01, 0xFF, 0xA0, 0x00, 0x00, 0x0B, 0xFF, 0x10, 0x00, 0xAF, 0xF6, 0x00, 0x00, 0x6F, 0xF9, 0x00,
  0x00, 0x1E, 0xFF, 0x93, 0x39, 0xFF, 0xE1, 0x00, 0x00, 0x03, 0xFF, 0xFF, 0xFF, 0xFF, 0x30, 0x00,
  0x00, 0x00, 0x2B, 0xFF, 0xFF, 0xB2, 0x00, 0x00, 0x00, 0x00, 0x00, 0x14, 0x41, 0x00, 0x00, 0x00,
  0x00, 0x00, 0x79, 0x20, 0x29, 0x60, 0x00, 0x00, 0x08, 0xFF, 0xF2, 0x1F, 0xC0, 0x00, 0x00, 0x0E,
  0xF8, 0xFD, 0xAF, 0xB0, 0x00, 0x00, 0x0F, 0xD0, 0x6F, 0xFF, 0x40, 0x00, 0x00, 0x08, 0x70, 0x05,
  0x84, 0x00, 0x00, 0x00, 0x00, 0x00, 0x00, 0x58, 0x40, 0x00, 0x7F, 0xF9, 0x00, 0x1C, 0xFF, 0xF5,
  0x00, 0x6F, 0xFA, 0x00, 0xDF, 0xFF, 0xFD, 0x00, 0x5F, 0xFA, 0x08, 0xFD, 0x39, 0xFF, 0x10, 0x4F,
  0xFA, 0x1F, 0xF2, 0x01, 0xFF, 0x40, 0x3F, 0xFA, 0x7F, 0x90, 0x00, 0xEF, 0x60, 0x2F, 0xFA, 0xDF,
  0x20, 0x00, 0xCF, 0x80, 0x2F, 0xFE, 0xFB, 0x00, 0x00, 0xAF, 0xA0, 0x1F, 0xFF, 0xF5, 0x00, 0x00,
  0x9F, 0xC0, 0x1F, 0xFF, 0xF1, 0x00, 0x00, 0x8F, 0xD0, 0x0F, 0xFF, 0xC0, 0x00, 0x00, 0x7F, 0xF0,
  0x0F, 0xFF, 0x70, 0x00, 0x00, 0x6F, 0xF0, 0x0F, 0xFF, 0x30, 0x00, 0x00, 0x5F, 0xF1, 0x0F, 0xFF,
  0x00, 0x00, 0x00, 0x4F, 0xF2, 0x0F, 0xFC, 0x00, 0x00, 0x00, 0x3F, 0xF2, 0x1F, 0xF8, 0x00, 0x00,
  0x00, 0x2F, 0xF3, 0x1F, 0xF5, 0x00, 0x00, 0x00, 0x1F, 0xF3, 0x1E, 0xE3, 0x00, 0x00, 0x00, 0x0F,
  0xF4, 0x00, 0x00, 0x00, 0x00, 0x00, 0x00, 0x00, 0x00, 0x02, 0x00, 0x00, 0x00, 0x00, 0x00, 0x00,
  0x00, 0x9F, 0x30, 0x00, 0x00, 0x00, 0x00, 0x00, 0x05, 0xFF, 0xF3, 0x00, 0x00, 0x00, 0x00, 0x00,
  0x00, 0x4E, 0xFE, 0x30, 0x00, 0x00, 0x00, 0x00, 0x00, 0x01, 0xCF, 0xE2, 0x00, 0x00, 0x00, 0x00,
  0x00, 0x00, 0x08, 0xF4, 0x00, 0x00, 0x00, 0x00, 0x00, 0x00, 0x00, 0x10, 0x00, 0x00, 0x00, 0x00,
  0x00, 0x00, 0x05, 0xAC, 0xCA, 0x50, 0x00, 0x00, 0x00, 0x02, 0xCF, 0xFF, 0xFF, 0xFE, 0x30, 0x00,
  0x00, 0x1E, 0xFF, 0xC8, 0x8B, 0xFF, 0xF3, 0x00, 0x00, 0xBF, 0xF6, 0x00, 0x00, 0x5F, 0xFC, 0x00,
  0x03, 0xFF, 0x90, 0x00, 0x00, 0x08, 0xFF, 0x40, 0x09, 0xFF, 0x10, 0x00, 0x00, 0x01, 0xFF, 0x90,
  0x0D, 0xFC, 0x00, 0x00, 0x00, 0x00, 0xCF, 0xD0, 0x0F, 0xF9, 0x00, 0x00, 0x00, 0x00, 0x9F, 0xF0,
  0x1F, 0xF8, 0x00, 0x00, 0x00, 0x00, 0x8F, 0xF0, 0x1F, 0xF7, 0x00, 0x00, 0x00, 0x00, 0x8F, 0xF0,
  0x0F, 0xF8, 0x00, 0x00, 0x00, 0x00, 0x9F, 0xF0, 0x0E, 0xFA, 0x00, 0x00, 0x00, 0x00, 0xBF, 0xE0,
  0x0B, 0xFE, 0x00, 0x00, 0x00, 0x00, 0xEF, 0xA0, 0x07, 0xFF, 0x30, 0x00, 0x00, 0x04, 0xFF, 0x70,
  0x01, 0xFF, 0xA0, 0x00, 0x00, 0x0B, 0xFF, 0x10, 0x00, 0xAF, 0xF6, 0x00, 0x00, 0x6F, 0xFA, 0x00,
  0x00, 0x1E, 0xFF, 0x93, 0x39, 0xFF, 0xE1, 0x00, 0x00, 0x03, 0xFF, 0xFF, 0xFF, 0xFF, 0x30, 0x00,
  0x00, 0x00, 0x2B, 0xFF, 0xFF, 0xB2, 0x00, 0x00, 0x00, 0x00, 0x00, 0x14, 0x41, 0x00, 0x00, 0x00,
  0x00, 0x00, 0x00, 0x00, 0x00, 0x00, 0x51, 0x00, 0x00, 0x00, 0x00, 0x00, 0x00, 0x04, 0xFB, 0x00,
  0x00, 0x00, 0x00, 0x00, 0x00, 0x3F, 0xFF, 0x40, 0x00, 0x00, 0x00, 0x00, 0x02, 0xEF, 0xE4, 0x00,
  0x00, 0x00, 0x00, 0x00, 0x1E, 0xFB, 0x10, 0x00, 0x00, 0x00, 0x00, 0x00, 0x2F, 0x70, 0x00, 0x00,
  0x00, 0x00, 0x00, 0x00, 0x01, 0x00, 0x00, 0x00, 0x00, 0x00, 0x05, 0xAC, 0xCA, 0x50, 0x00, 0x00,
  0x00, 0x02, 0xCF, 0xFF, 0xFF, 0xFE, 0x30, 0x00, 0x00, 0x1E, 0xFF, 0xC8, 0x8B, 0xFF, 0xF3, 0x00,
  0x00, 0xBF, 0xF6, 0x00, 0x00, 0x5F, 0xFC, 0x00, 0x03, 0xFF, 0x90, 0x00, 0x00, 0x08, 0xFF, 0x40,
  0x09, 0xFF, 0x10, 0x00, 0x00, 0x01, 0xFF, 0x90, 0x0D, 0xFC, 0x00, 0x00, 0x00, 0x00, 0xCF, 0xD0,
  0x0F, 0xF9, 0x00, 0x00, 0x00, 0x00, 0x9F, 0xF0, 0x1F, 0xF8, 0x00, 0x00, 0x00, 0x00, 0x8F, 0xF0,
  0x1F, 0xF7, 0x00, 0x00, 0x00, 0x00, 0x8F, 0xF0, 0x0F, 0xF8, 0x00, 0x00, 0x00, 0x00, 0x9F, 0xF0,
  0x0E, 0xFA, 0x00, 0x00, 0x00, 0x00, 0xBF, 0xE0, 0x0B, 0xFE, 0x00, 0x00, 0x00, 0x00, 0xEF, 0xA0,
  0x07, 0xFF, 0x30, 0x00, 0x00, 0x04, 0xFF, 0x70, 0x01, 0xFF, 0xA0, 0x00, 0x00, 0x0B, 0xFF, 0x10,
  0x00, 0xAF, 0xF6, 0x00, 0x00, 0x6F, 0xFA, 0x00, 0x00, 0x1E, 0xFF, 0x93, 0x39, 0xFF, 0xE1, 0x00,
  0x00, 0x03, 0xFF, 0xFF, 0xFF, 0xFF, 0x30, 0x00, 0x00, 0x00, 0x2B, 0xFF, 0xFF, 0xB2, 0x00, 0x00,
  0x00, 0x00, 0x00, 0x14, 0x41, 0x00, 0x00, 0x00, 0x00, 0x00, 0x00, 0x09, 0x90, 0x00, 0x00, 0x00,
  0x00, 0x00, 0x00, 0x7F, 0xF6, 0x00, 0x00, 0x00, 0x00, 0x00, 0x01, 0xFF, 0xFE, 0x00, 0x00, 0x00,
  0x00, 0x00, 0x08, 0xF9, 0xAF, 0x70, 0x00, 0x00, 0x00, 0x00, 0x1F, 0xF3, 0x3F, 0xF1, 0x00, 0x00,
  0x00, 0x00, 0x2B, 0xE0, 0x0C, 0xA1, 0x00, 0x00, 0x00, 0x00, 0x00, 0x10, 0x00, 0x00, 0x00, 0x00,
  0x00, 0x00, 0x05, 0xAC, 0xCA, 0x50, 0x00, 0x00, 0x00, 0x02, 0xCF, 0xFF, 0xFF, 0xFE, 0x30, 0x00,
  0x00, 0x1E, 0xFF, 0xC8, 0x8B, 0xFF, 0xF3, 0x00, 0x00, 0xBF, 0xF6, 0x00, 0x00, 0x5F, 0xFC, 0x00,
  0x03, 0xFF, 0x90, 0x00, 0x00, 0x08, 0xFF, 0x40, 0x09, 0xFF, 0x10, 0x00, 0x00, 0x01, 0xFF, 0x90,
  0x0D, 0xFC, 0x00, 0x00, 0x00, 0x00, 0xCF, 0xD0, 0x0F, 0xF9, 0x00, 0x00, 0x00, 0x00, 0x9F, 0xF0,
  0x1F, 0xF8, 0x00, 0x00, 0x00, 0x00, 0x8F, 0xF0, 0x1F, 0xF7, 0x00, 0x00, 0x00, 0x00, 0x8F, 0xF0,
  0x0F, 0xF8, 0x00, 0x00, 0x00, 0x00, 0x9F, 0xF0, 0x0E, 0xFA, 0x00, 0x00, 0x00, 0x00, 0xBF, 0xE0,
  0x0B, 0xFE, 0x00, 0x00, 0x00, 0x00, 0xEF, 0xA0, 0x07, 0xFF, 0x30, 0x00, 0x00, 0x04, 0xFF, 0x70,
  0x01, 0xFF, 0xA0, 0x00, 0x00, 0x0B, 0xFF, 0x10, 0x00, 0xAF, 0xF6, 0x00, 0x00, 0x6F, 0xFA, 0x00,
  0x00, 0x1E, 0xFF, 0x93, 0x39, 0xFF, 0xE1, 0x00, 0x00, 0x03, 0xFF, 0xFF, 0xFF, 0xFF, 0x30, 0x00,
  0x00, 0x00, 0x2B, 0xFF, 0xFF, 0xB2, 0x00, 0x00, 0x00, 0x00, 0x00, 0x14, 0x41, 0x00, 0x00, 0x00,
  0x00, 0x00, 0x06, 0x93, 0x02, 0x97, 0x00, 0x00, 0x00, 0x00, 0x6F, 0xFF, 0x30, 0xFD, 0x00, 0x00,
  0x00, 0x00, 0xDF, 0x8F, 0xE9, 0xFC, 0x00, 0x00, 0x00, 0x00, 0xFF, 0x05, 0xFF, 0xF5, 0x00, 0x00,
  0x00, 0x00, 0x87, 0x00, 0x48, 0x40, 0x00, 0x00, 0x00, 0x00, 0x05, 0xAC, 0xCA, 0x50, 0x00, 0x00,
  0x00, 0x02, 0xCF, 0xFF, 0xFF, 0xFE, 0x30, 0x00, 0x00, 0x1E, 0xFF, 0xC8, 0x8B, 0xFF, 0xF3, 0x00,
  0x00, 0xBF, 0xF6, 0x00, 0x00, 0x5F, 0xFC, 0x00, 0x03, 0xFF, 0x90, 0x00, 0x00, 0x08, 0xFF, 0x40,
  0x09, 0xFF, 0x10, 0x00, 0x00, 0x01, 0xFF, 0x90, 0x0D, 0xFC, 0x00, 0x00, 0x00, 0x00, 0xCF, 0xD0,
  0x0F, 0xF9, 0x00, 0x00, 0x00, 0x00, 0x9F, 0xF0, 0x1F, 0xF8, 0x00, 0x00, 0x00, 0x00, 0x8F, 0xF0,
  0x1F, 0xF7, 0x00, 0x00, 0x00, 0x00, 0x8F, 0xF0, 0x0F, 0xF8, 0x00, 0x00, 0x00, 0x00, 0x9F, 0xF0,
  0x0E, 0xFA, 0x00, 0x00, 0x00, 0x00, 0xBF, 0xE0, 0x0B, 0xFE, 0x00, 0x00, 0x00, 0x00, 0xEF, 0xA0,
  0x07, 0xFF, 0x30, 0x00, 0x00, 0x04, 0xFF, 0x70, 0x01, 0xFF, 0xA0, 0x00, 0x00, 0x0B, 0xFF, 0x10,
  0x00, 0xAF, 0xF6, 0x00, 0x00, 0x6F, 0xFA, 0x00, 0x00, 0x1E, 0xFF, 0x93, 0x39, 0xFF, 0xE1, 0x00,
  0x00, 0x03, 0xFF, 0xFF, 0xFF, 0xFF, 0x30, 0x00, 0x00, 0x00, 0x2B, 0xFF, 0xFF, 0xB2, 0x00, 0x00,
  0x00, 0x00, 0x00, 0x14, 0x41, 0x00, 0x00, 0x00, 0x00, 0x00, 0x37, 0x10, 0x02, 0x72, 0x00, 0x00,
  0x00, 0x01, 0xFF, 0xD0, 0x0E, 0xFE, 0x00, 0x00, 0x00, 0x02, 0xFF, 0xE0, 0x1F, 0xFF, 0x10, 0x00,
  0x00, 0x00, 0x7B, 0x40, 0x06, 0xB6, 0x00, 0x00, 0x00, 0x00, 0x05, 0xAC, 0xCA, 0x50, 0x00, 0x00,
  0x00, 0x02, 0xCF, 0xFF, 0xFF, 0xFE, 0x30, 0x00, 0x00, 0x1E, 0xFF, 0xC8, 0x8B, 0xFF, 0xF3, 0x00,
  0x00, 0xBF, 0xF6, 0x00, 0x00, 0x5F, 0xFC, 0x00, 0x03, 0xFF, 0x90, 0x00, 0x00, 0x08, 0xFF, 0x40,
  0x09, 0xFF, 0x10, 0x00, 0x00, 0x01, 0xFF, 0x90, 0x0D, 0xFC, 0x00, 0x00, 0x00, 0x00, 0xCF, 0xD0,
  0x0F, 0xF9, 0x00, 0x00, 0x00, 0x00, 0x9F, 0xF0, 0x1F, 0xF8, 0x00, 0x00, 0x00, 0x00, 0x8F, 0xF0,
  0x1F, 0xF7, 0x00, 0x00, 0x00, 0x00, 0x8F, 0xF0, 0x0F, 0xF8, 0x00, 0x00, 0x00, 0x00, 0x9F, 0xF0,
  0x0E, 0xFA, 0x00, 0x00, 0x00, 0x00, 0xBF, 0xE0, 0x0B, 0xFE, 0x00, 0x00, 0x00, 0x00, 0xEF, 0xA0,
  0x07, 0xFF, 0x30, 0x00, 0x00, 0x04, 0xFF, 0x70, 0x01, 0xFF, 0xA0, 0x00, 0x00, 0x0B, 0xFF, 0x10,
  0x00, 0xAF, 0xF6, 0x00, 0x00, 0x6F, 0xFA, 0x00, 0x00, 0x1E, 0xFF, 0x93, 0x39, 0xFF, 0xE1, 0x00,
  0x00, 0x03, 0xFF, 0xFF, 0xFF, 0xFF, 0x30, 0x00, 0x00, 0x00, 0x2B, 0xFF, 0xFF, 0xB2, 0x00, 0x00,
  0x00, 0x00, 0x00, 0x14, 0x41, 0x00, 0x00, 0x00, 0x00, 0x00, 0x07, 0x70, 0x00, 0x00, 0x00, 0x00,
  0x4F, 0xF5, 0x00, 0x00, 0x00, 0x00, 0x2F, 0xF2, 0x00, 0x00, 0x00, 0x00, 0x01, 0x10, 0x00, 0x00,
  0x8E, 0xEE, 0xEE, 0xEE, 0xEE, 0xE2, 0x9F, 0xFF, 0xFF, 0xFF, 0xFF, 0xF3, 0x59, 0x99, 0x99, 0x99,
  0x99, 0x91, 0x00, 0x00, 0x06, 0x20, 0x00, 0x00, 0x00, 0x00, 0x9F, 0xE0, 0x00, 0x00, 0x00, 0x00,
  0x8F, 0xD0, 0x00, 0x00, 0x00, 0x00, 0x04, 0x10, 0x00, 0x00, 0x00, 0x00, 0x00, 0x00, 0x00, 0x05,
  0x50, 0x00, 0x00, 0x00, 0x05, 0xAC, 0xCA, 0x5E, 0xF6, 0x00, 0x00, 0x02, 0xCF, 0xFF, 0xFF, 0xFF,
  0xE0, 0x00, 0x00, 0x1E, 0xFF, 0xC8, 0x8B, 0xFF, 0xF2, 0x00, 0x00, 0xBF, 0xF6, 0x00, 0x05, 0xFF,
  0xFD, 0x00, 0x03, 0xFF, 0x90, 0x00, 0x0C, 0xFE, 0xFF, 0x40, 0x09, 0xFF, 0x10, 0x00, 0x3F, 0xE2,
  0xFF, 0x90, 0x0D, 0xFC, 0x00, 0x00, 0xBF, 0x70, 0xCF, 0xD0, 0x0F, 0xF9, 0x00, 0x02, 0xFF, 0x00,
  0xAF, 0xF0, 0x1F, 0xF8, 0x00, 0x0A, 0xF8, 0x00, 0x8F, 0xF0, 0x1F, 0xF7, 0x00, 0x2F, 0xF1, 0x00,
  0x8F, 0xF0, 0x0F, 0xF8, 0x00, 0x9F, 0x80, 0x00, 0x9F, 0xF0, 0x0F, 0xFA, 0x01, 0xFF, 0x10, 0x00,
  0xBF, 0xE0, 0x0B, 0xFD, 0x08, 0xF8, 0x00, 0x00, 0xEF, 0xA0, 0x07, 0xFF, 0x3E, 0xF1, 0x00, 0x04,
  0xFF, 0x70, 0x01, 0xFF, 0xEF, 0x80, 0x00, 0x0B, 0xFF, 0x10, 0x00, 0xAF, 0xFF, 0x10, 0x00, 0x6F,
  0xFA, 0x00, 0x00, 0x1E, 0xFF, 0x94, 0x39, 0xFF, 0xE1, 0x00, 0x00, 0x0D, 0xFF, 0xFF, 0xFF, 0xFF,
  0x30, 0x00, 0x00, 0x2D, 0xAA, 0xFF, 0xFF, 0xB2, 0x00, 0x00, 0x00, 0x00, 0x00, 0x14, 0x41, 0x00,
  0x00, 0x00, 0x00, 0x02, 0x00, 0x00, 0x00, 0x00, 0x00, 0x00, 0x7F, 0x50, 0x00, 0x00, 0x00, 0x00,
  0x03, 0xFF, 0xF5, 0x00, 0x00, 0x00, 0x00, 0x00, 0x3E, 0xFF, 0x40, 0x00, 0x00, 0x00, 0x00, 0x01,
  0xBF, 0xF4, 0x00, 0x00, 0x00, 0x00, 0x00, 0x06, 0xF6, 0x00, 0x00, 0x00, 0x07, 0x64, 0x00, 0x10,
  0x00, 0x01, 0x10, 0x1F, 0xFE, 0x00, 0x00, 0x00, 0x2F, 0xF1, 0x3F, 0xFC, 0x00, 0x00, 0x00, 0x4F,
  0xF1, 0x4F, 0xF9, 0x00, 0x00, 0x00, 0x6F, 0xF0, 0x5F, 0xF8, 0x00, 0x00, 0x00, 0x9F, 0xF0, 0x6F,
  0xF6, 0x00, 0x00, 0x00, 0xCF, 0xF0, 0x6F, 0xF5, 0x00, 0x00, 0x00, 0xFF, 0xF0, 0x7F, 0xF4, 0x00,
  0x00, 0x03, 0xFF, 0xF0, 0x7F, 0xF3, 0x00, 0x00, 0x07, 0xFF, 0xF0, 0x7F, 0xF3, 0x00, 0x00, 0x0C,
  0xFF, 0xE0, 0x6F, 0xF3, 0x00, 0x00, 0x1F, 0xFF, 0xE0, 0x6F, 0xF4, 0x00, 0x00, 0x6F, 0xFF, 0xE0,
  0x4F, 0xF5, 0x00, 0x00, 0xCF, 0xEF, 0xE0, 0x2F, 0xF8, 0x00, 0x04, 0xFF, 0x8F, 0xD0, 0x0F, 0xFD,
  0x00, 0x0D, 0xF9, 0x7F, 0xD0, 0x0A, 0xFF, 0x83, 0xBF, 0xE1, 0x6F, 0xD0, 0x02, 0xFF, 0xFF, 0xFF,
  0x30, 0x5F, 0xC0, 0x00, 0x5F, 0xFF, 0xD3, 0x00, 0x5F, 0xC0, 0x00, 0x01, 0x44, 0x00, 0x00, 0x02,
  0x10, 0x00, 0x00, 0x00, 0x00, 0x00, 0x24, 0x00, 0x00, 0x00, 0x00, 0x00, 0x01, 0xEE, 0x20, 0x00,
  0x00, 0x00, 0x00, 0x1D, 0xFF, 0x90, 0x00, 0x00, 0x00, 0x00, 0xCF, 0xF8, 0x00, 0x00, 0x00, 0x00,
  0x0A, 0xFE, 0x40, 0x00, 0x00, 0x00, 0x00, 0x0C, 0xB1, 0x00, 0x00, 0x07, 0x64, 0x00, 0x01, 0x00,
  0x01, 0x10, 0x1F, 0xFE, 0x00, 0x00, 0x00, 0x2F, 0xF1, 0x3F, 0xFC, 0x00, 0x00, 0x00, 0x4F, 0xF1,
  0x4F, 0xF9, 0x00, 0x00, 0x00, 0x6F, 0xF0, 0x5F, 0xF8, 0x00, 0x00, 0x00, 0x9F, 0xF0, 0x6F, 0xF6,
  0x00, 0x00, 0x00, 0xCF, 0xF0, 0x6F, 0xF5, 0x00, 0x00, 0x00, 0xFF, 0xF0, 0x7F, 0xF4, 0x00, 0x00,
  0x03, 0xFF, 0xF0, 0x7F, 0xF3, 0x00, 0x00, 0x07, 0xFF, 0xF0, 0x7F, 0xF3, 0x00, 0x00, 0x0C, 0xFF,
  0xE0, 0x6F, 0xF3, 0x00, 0x00, 0x1F, 0xFF, 0xE0, 0x6F, 0xF4, 0x00, 0x00, 0x6F, 0xFF, 0xE0, 0x4F,
  0xF5, 0x00, 0x00, 0xCF, 0xEF, 0xE0, 0x2F, 0xF8, 0x00, 0x04, 0xFF, 0x8F, 0xD0, 0x0F, 0xFD, 0x00,
  0x0D, 0xF9, 0x7F, 0xD0, 0x0A, 0xFF, 0x83, 0xBF, 0xE1, 0x6F, 0xD0, 0x02, 0xFF, 0xFF, 0xFF, 0x30,
  0x5F, 0xC0, 0x00, 0x5F, 0xFF, 0xD3, 0x00, 0x5F, 0xC0, 0x00, 0x01, 0x44, 0x00, 0x00, 0x02, 0x10,
  0x00, 0x00, 0x00, 0x99, 0x00, 0x00, 0x00, 0x00, 0x00, 0x07, 0xFF, 0x60, 0x00, 0x00, 0x00, 0x00,
  0x1F, 0xFF, 0xE0, 0x00, 0x00, 0x00, 0x00, 0x8F, 0x9A, 0xF7, 0x00, 0x00, 0x00, 0x01, 0xFF, 0x33,
  0xFF, 0x10, 0x00, 0x00, 0x02, 0xBE, 0x00, 0xCA, 0x10, 0x00, 0x07, 0x64, 0x01, 0x00, 0x00, 0x01,
  0x10, 0x1F, 0xFE, 0x00, 0x00, 0x00, 0x2F, 0xF1, 0x3F, 0xFC, 0x00, 0x00, 0x00, 0x4F, 0xF1, 0x4F,
  0xF9, 0x00, 0x00, 0x00, 0x6F, 0xF0, 0x5F, 0xF8, 0x00, 0x00, 0x00, 0x9F, 0xF0, 0x6F, 0xF6, 0x00,
  0x00, 0x00, 0xCF, 0xF0, 0x6F, 0xF5, 0x00, 0x00, 0x00, 0xFF, 0xF0, 0x7F, 0xF4, 0x00, 0x00, 0x03,
  0xFF, 0xF0, 0x7F, 0xF3, 0x00, 0x00, 0x07, 0xFF, 0xF0, 0x7F, 0xF3, 0x00, 0x00, 0x0C, 0xFF, 0xE0,
  0x6F, 0xF3, 0x00, 0x00, 0x1F, 0xFF, 0xE0, 0x6F, 0xF4, 0x00, 0x00, 0x6F, 0xFF, 0xE0, 0x4F, 0xF5,
  0x00, 0x00, 0xCF, 0xEF, 0xE0, 0x2F, 0xF8, 0x00, 0x04, 0xFF, 0x8F, 0xD0, 0x0F, 0xFD, 0x00, 0x0D,
  0xF9, 0x7F, 0xD0, 0x0A, 0xFF, 0x83, 0xBF, 0xE1, 0x6F, 0xD0, 0x02, 0xFF, 0xFF, 0xFF, 0x30, 0x5F,
  0xC0, 0x00, 0x5F, 0xFF, 0xD3, 0x00, 0x5F, 0xC0, 0x00, 0x01, 0x44, 0x00, 0x00, 0x02, 0x10, 0x00,
  0x03, 0x71, 0x00, 0x27, 0x20, 0x00, 0x00, 0x1F, 0xFD, 0x00, 0xEF, 0xE0, 0x00, 0x00, 0x2F, 0xFF,
  0x00, 0xFF, 0xF1, 0x00, 0x00, 0x07, 0xB5, 0x00, 0x5B, 0x60, 0x00, 0x07, 0x64, 0x00, 0x00, 0x00,
  0x01, 0x10, 0x1F, 0xFE, 0x00, 0x00, 0x00, 0x2F, 0xF1, 0x3F, 0xFC, 0x00, 0x00, 0x00, 0x4F, 0xF1,
  0x4F, 0xF9, 0x00, 0x00, 0x00, 0x6F, 0xF0, 0x5F, 0xF8, 0x00, 0x00, 0x00, 0x9F, 0xF0, 0x6F, 0xF6,
  0x00, 0x00, 0x00, 0xCF, 0xF0, 0x6F, 0xF5, 0x00, 0x00, 0x00, 0xFF, 0xF0, 0x7F, 0xF4, 0x00, 0x00,
  0x03, 0xFF, 0xF0, 0x7F, 0xF3, 0x00, 0x00, 0x07, 0xFF, 0xF0, 0x7F, 0xF3, 0x00, 0x00, 0x0C, 0xFF,
  0xE0, 0x6F, 0xF3, 0x00, 0x00, 0x1F, 0xFF, 0xE0, 0x6F, 0xF4, 0x00, 0x00, 0x6F, 0xFF, 0xE0, 0x4F,
  0xF5, 0x00, 0x00, 0xCF, 0xEF, 0xE0, 0x2F, 0xF8, 0x00, 0x04, 0xFF, 0x8F, 0xD0, 0x0F, 0xFD, 0x00,
  0x0D, 0xF9, 0x7F, 0xD0, 0x0A, 0xFF, 0x83, 0xBF, 0xE1, 0x6F, 0xD0, 0x02, 0xFF, 0xFF, 0xFF, 0x30,
  0x5F, 0xC0, 0x00, 0x5F, 0xFF, 0xD3, 0x00, 0x5F, 0xC0, 0x00, 0x01, 0x44, 0x00, 0x00, 0x02, 0x10,
  0x00, 0x00, 0x00, 0x00, 0x00, 0x42, 0x00, 0x00, 0x00, 0x00, 0x00, 0x03, 0xFD, 0x00, 0x00, 0x00,
  0x00, 0x00, 0x2E, 0xFF, 0x60, 0x00, 0x00, 0x00, 0x01, 0xEF, 0xF5, 0x00, 0x00, 0x00, 0x00, 0x0D,
  0xFD, 0x20, 0x00, 0x00, 0x00, 0x00, 0x1E, 0x90, 0x00, 0x00, 0x0C, 0xB9, 0x00, 0x01, 0x00, 0x06,
  0x62, 0x2F, 0xFD, 0x00, 0x00, 0x00, 0x2F, 0xF5, 0x3F, 0xFB, 0x00, 0x00, 0x00, 0x4F, 0xF4, 0x4F,
  0xF9, 0x00, 0x00, 0x00, 0x7F, 0xF3, 0x5F, 0xF7, 0x00, 0x00, 0x00, 0xAF, 0xF2, 0x6F, 0xF6, 0x00,
  0x00, 0x00, 0xDF, 0xF1, 0x6F, 0xF4, 0x00, 0x00, 0x00, 0xFF, 0xF0, 0x7F, 0xF3, 0x00, 0x00, 0x04,
  0xFF, 0xF0, 0x7F, 0xF3, 0x00, 0x00, 0x08, 0xFF, 0xE0, 0x7F, 0xF3, 0x00, 0x00, 0x0C, 0xFF, 0xE0,
  0x6F, 0xF3, 0x00, 0x00, 0x1F, 0xFF, 0xD0, 0x5F, 0xF4, 0x00, 0x00, 0x5F, 0xFF, 0xC0, 0x4F, 0xF6,
  0x00, 0x00, 0xBF, 0xFF, 0xC0, 0x2F, 0xF8, 0x00, 0x02, 0xFF, 0xAF, 0xB0, 0x0F, 0xFD, 0x00, 0x0B,
  0xFB, 0x8F, 0xB0, 0x0A, 0xFF, 0x50, 0x7F, 0xF2, 0x8F, 0xA0, 0x04, 0xFF, 0xFE, 0xFF, 0x70, 0x9F,
  0xA0, 0x00, 0xAF, 0xFF, 0xF8, 0x00, 0xBF, 0x90, 0x00, 0x06, 0xA9, 0x30, 0x00, 0xDF, 0x80, 0x00,
  0x00, 0x00, 0x00, 0x01, 0xFF, 0x60, 0x00, 0x00, 0x00, 0x00, 0x05, 0xFF, 0x20, 0x01, 0x00, 0x00,
  0x00, 0x0C, 0xFD, 0x00, 0x0B, 0xB2, 0x00, 0x00, 0xAF, 0xF5, 0x00, 0x3F, 0xFF, 0xCA, 0xBE, 0xFF,
  0xA0, 0x00, 0x05, 0xEF, 0xFF, 0xFF, 0xF9, 0x00, 0x00, 0x00, 0x04, 0x79, 0x97, 0x20, 0x00, 0x00,
  0x1B, 0xA0, 0x00, 0x00, 0x00, 0x00, 0x00, 0x00, 0x2F, 0xE0, 0x00, 0x00, 0x00, 0x00, 0x00, 0x00,
  0x2F, 0xE0, 0x00, 0x00, 0x00, 0x00, 0x00, 0x00, 0x2F, 0xE0, 0x00, 0x00, 0x00, 0x00, 0x00, 0x00,
  0x2F, 0xE0, 0x00, 0x00, 0x00, 0x00, 0x00, 0x00, 0x2F, 0xE0, 0x00, 0x00, 0x00, 0x00, 0x00, 0x00,
  0x2F, 0xE0, 0x00, 0x00, 0x21, 0x00, 0x00, 0x00, 0x2F, 0xE0, 0x04, 0xBF, 0xFF, 0xE7, 0x00, 0x00,
  0x2F, 0xE0, 0x8F, 0xFF, 0xFF, 0xFF, 0xC0, 0x00, 0x2F, 0xE7, 0xFF, 0x71, 0x03, 0xBF, 0xFB, 0x00,
  0x2F, 0xFF, 0xF3, 0x00, 0x00, 0x09, 0xFF, 0x40, 0x2F, 0xFF, 0x60, 0x00, 0x00, 0x00, 0xEF, 0xB0,
  0x2F, 0xFE, 0x00, 0x00, 0x00, 0x00, 0x7F, 0xF0, 0x2F, 0xF9, 0x00, 0x00, 0x00, 0x00, 0x3F, 0xF3,
  0x2F, 0xF6, 0x00, 0x00, 0x00, 0x00, 0x1F, 0xF5, 0x2F, 0xF5, 0x00, 0x00, 0x00, 0x00, 0x0F, 0xF5,
  0x2F, 0xF5, 0x00, 0x00, 0x00, 0x00, 0x1F, 0xF5, 0x2F, 0xF6, 0x00, 0x00, 0x00, 0x00, 0x3F, 0xF3,
  0x2F, 0xF9, 0x00, 0x00, 0x00, 0x00, 0x6F, 0xF1, 0x2F, 0xFD, 0x00, 0x00, 0x00, 0x00, 0xAF, 0xD0,
  0x2F, 0xFF, 0x40, 0x00, 0x00, 0x01, 0xFF, 0x80, 0x2F, 0xFF, 0xD0, 0x00, 0x00, 0x0A, 0xFF, 0x20,
  0x2F, 0xFD, 0xFC, 0x20, 0x00, 0x9F, 0xFA, 0x00, 0x2F, 0xF5, 0xEF, 0xFC, 0xCF, 0xFF, 0xE1, 0x00,
  0x2F, 0xF3, 0x2D, 0xFF, 0xFF, 0xFD, 0x20, 0x00, 0x2F, 0xF3, 0x00, 0x5A, 0xCB, 0x60, 0x00, 0x00,
  0x2F, 0xF3, 0x00, 0x00, 0x00, 0x00, 0x00, 0x00, 0x2F, 0xF3, 0x00, 0x00, 0x00, 0x00, 0x00, 0x00,
  0x2F, 0xF3, 0x00, 0x00, 0x00, 0x00, 0x00, 0x00, 0x2F, 0xF3, 0x00, 0x00, 0x00, 0x00, 0x00, 0x00,
  0x2F, 0xF2, 0x00, 0x00, 0x00, 0x00, 0x00, 0x00, 0x00, 0x00, 0x64, 0x00, 0x06, 0x50, 0x00, 0x00,
  0x09, 0xFF, 0x40, 0x8F, 0xF6, 0x00, 0x00, 0x0B, 0xFF, 0x50, 0x9F, 0xF8, 0x00, 0x00, 0x02, 0xB9,
  0x00, 0x1A, 0xA1, 0x00, 0x00, 0x00, 0x00, 0x00, 0x00, 0x00, 0x00, 0x0C, 0xB9, 0x00, 0x00, 0x00,
  0x06, 0x62, 0x2F, 0xFD, 0x00, 0x00, 0x00, 0x2F, 0xF5, 0x3F, 0xFB, 0x00, 0x00, 0x00, 0x4F, 0xF4,
  0x4F, 0xF9, 0x00, 0x00, 0x00, 0x7F, 0xF3, 0x5F, 0xF7, 0x00, 0x00, 0x00, 0xAF, 0xF2, 0x6F, 0xF6,
  0x00, 0x00, 0x00, 0xDF, 0xF1, 0x6F, 0xF4, 0x00, 0x00, 0x00, 0xFF, 0xF0, 0x7F, 0xF3, 0x00, 0x00,
  0x04, 0xFF, 0xF0, 0x7F, 0xF3, 0x00, 0x00, 0x08, 0xFF, 0xE0, 0x7F, 0xF3, 0x00, 0x00, 0x0C, 0xFF,
  0xE0, 0x6F, 0xF3, 0x00, 0x00, 0x1F, 0xFF, 0xD0, 0x5F, 0xF4, 0x00, 0x00, 0x5F, 0xFF, 0xC0, 0x4F,
  0xF6, 0x00, 0x00, 0xBF, 0xFF, 0xC0, 0x2F, 0xF8, 0x00, 0x02, 0xFF, 0xAF, 0xB0, 0x0F, 0xFD, 0x00,
  0x0B, 0xFB, 0x8F, 0xB0, 0x0A, 0xFF, 0x50, 0x7F, 0xF2, 0x8F, 0xA0, 0x04, 0xFF, 0xFE, 0xFF, 0x70,
  0x9F, 0xA0, 0x00, 0xAF, 0xFF, 0xF8, 0x00, 0xBF, 0x90, 0x00, 0x06, 0xA9, 0x30, 0x00, 0xDF, 0x80,
  0x00, 0x00, 0x00, 0x00, 0x01, 0xFF, 0x60, 0x00, 0x00, 0x00, 0x00, 0x05, 0xFF, 0x20, 0x01, 0x00,
  0x00, 0x00, 0x0C, 0xFD, 0x00, 0x0B, 0xB2, 0x00, 0x00, 0xAF, 0xF5, 0x00, 0x3F, 0xFF, 0xCA, 0xBE,
  0xFF, 0xA0, 0x00, 0x05, 0xEF, 0xFF, 0xFF, 0xF9, 0x00, 0x00, 0x00, 0x04, 0x79, 0x97, 0x20, 0x00,
  0x00,
};

const AAGlyph Englebert34aaGlyphs[] PROGMEM = {
  {0, 0, 0, 8, 0, 0}, // U+0020
  {0, 5, 27, 7, 1, -25}, // !
  {68, 7, 10, 9, 1, -25}, // "
  {103, 11, 16, 13, 1, -20}, // #
  {191, 10, 22, 11, 1, -23}, // $
  {301, 19, 21, 19, 0, -23}, // %
  {501, 17, 26, 16, 0, -25}, // &
  {722, 3, 10, 5, 1, -25}, // U+0027
  {737, 9, 31, 8, 0, -27}, // (
  {877, 8, 32, 8, 0, -27}, // )
  {1005, 11, 13, 12, 1, -25}, // *
  {1077, 11, 12, 13, 1, -17}, // +
  {1143, 4, 6, 5, 1, -4}, // ,
  {1155, 12, 3, 14, 1, -12}, // -
  {1173, 3, 3, 5, 1, -3}, // .
  {1178, 13, 26, 14, 0, -25}, // /
  {1347, 15, 26, 17, 1, -25}, // 0
  {1542, 8, 26, 9, 0, -25}, // 1
  {1646, 14, 26, 15, 0, -26}, // 2
  {1828, 14, 26, 15, 1, -25}, // 3
  {2010, 14, 26, 14, 0, -25}, // 4
  {2192, 13, 25, 14, 1, -24}, // 5
  {2355, 14, 26, 16, 1, -25}, // 6
  {2537, 12, 25, 12, 0, -24}, // 7
  {2687, 15, 26, 16, 0, -25}, // 8
  {2882, 14, 26, 16, 1, -25}, // 9
  {3064, 4, 17, 6, 1, -17}, // :
  {3098, 4, 19, 6, 1, -17}, // ;
  {3136, 10, 14, 11, 0, -18}, // <
  {3206, 12, 8, 14, 1, -16}, // =
  {3254, 9, 14, 11, 1, -18}, // >
  {3317, 14, 28, 15, 0, -26}, // ?
  {3513, 19, 22, 21, 1, -20}, // @
  {3722, 15, 25, 15, 0, -24}, // A
  {3910, 14, 26, 15, 1, -25}, // B
  {4092, 16, 26, 17, 1, -25}, // C
  {4300, 15, 26, 16, 1, -25}, // D
  {4495, 13, 24, 15, 1, -24}, // E
  {4651, 13, 24, 14, 1, -24}, // F
  {4807, 15, 26, 17, 1, -25}, // G
  {5002, 14, 25, 16, 1, -25}, // H
  {5177, 9, 25, 9, 0, -25}, // I
  {5290, 15, 26, 16, 0, -25}, // J
  {5485, 15, 25, 15, 1, -24}, // K
  {5673, 12, 25, 13, 1, -24}, // L
  {5823, 17, 25, 19, 0, -25}, // M
  {6036, 15, 25, 16, 1, -24}, // N
  {6224, 15, 26, 16, 1, -25}, // O
  {6419, 15, 26, 16, 1, -25}, // P
  {6614, 15, 33, 16, 1, -25}, // Q
  {6862, 15, 26, 16, 1, -25}, // R
  {7057, 16, 27, 16, 0, -26}, // S
  {7273, 13, 24, 12, 0, -24}, // T
  {7429, 14, 26, 16, 1, -25}, // U
  {7611, 15, 24, 15, 0, -24}, // V
  {7791, 19, 25, 19, 0, -25}, // W
  {8029, 15, 25, 14, 0, -24}, // X
  {8217, 15, 25, 15, 0, -24}, // Y
  {8405, 14, 24, 14, 0, -24}, // Z
  {8573, 9, 32, 9, 1, -28}, // [
  {8717, 13, 26, 14, 0, -25}, // U+005C
  {8886, 8, 32, 9, 0, -28}, // ]
  {9014, 7, 8, 7, 0, -24}, // ^
  {9042, 12, 3, 14, 1, 2}, // _
  {9060, 7, 7, 6, 0, -25}, // `
  {9085, 15, 20, 16, 0, -19}, // a
  {9235, 16, 25, 17, 1, -24}, // b
  {9435, 16, 20, 16, 0, -19}, // c
  {9595, 16, 25, 17, 0, -24}, // d
  {9795, 16, 20, 16, 0, -19}, // e
  {9955, 9, 25, 9, 0, -25}, // f
  {10068, 16, 34, 16, 0, -23}, // g
  {10340, 14, 24, 16, 1, -24}, // h
  {10508, 5, 25, 7, 1, -25}, // i
  {10571, 6, 33, 6, -1, -25}, // j
  {10670, 13, 25, 14, 1, -24}, // k
  {10833, 4, 24, 7, 1, -24}, // l
  {10881, 18, 18, 20, 1, -18}, // m
  {11043, 14, 19, 15, 1, -18}, // n
  {11176, 16, 20, 16, 0, -19}, // o
  {11336, 16, 25, 17, 1, -19}, // p
  {11536, 16, 26, 18, 0, -19}, // q
  {11744, 13, 19, 14, 1, -18}, // r
  {11868, 14, 21, 14, 0, -20}, // s
  {12015, 11, 25, 9, -1, -25}, // t
  {12153, 14, 19, 16, 1, -18}, // u
  {12286, 15, 18, 14, 0, -18}, // v
  {12421, 18, 19, 20, 1, -18}, // w
  {12592, 14, 19, 14, 0, -18}, // x
  {12725, 14, 26, 16, 1, -18}, // y
  {12907, 13, 18, 13, 0, -18}, // z
  {13024, 9, 32, 9, 0, -28}, // {
  {13168, 3, 30, 6, 2, -26}, // |
  {13213, 9, 31, 8, -1, -28}, // }
  {13353, 10, 5, 12, 1, -15}, // ~
  {13378, 0, 0, 0, 0, 0}, // U+007F
  {13378, 0, 0, 0, 0, 0}, // U+0080
  {13378, 0, 0, 0, 0, 0}, // U+0081
  {13378, 0, 0, 0, 0, 0}, // U+0082
  {13378, 0, 0, 0, 0, 0}, // U+0083
  {13378, 0, 0, 0, 0, 0}, // U+0084
  {13378, 0, 0, 0, 0, 0}, // U+0085
  {13378, 0, 0, 0, 0, 0}, // U+0086
  {13378, 0, 0, 0, 0, 0}, // U+0087
  {13378, 0, 0, 0, 0, 0}, // U+0088
  {13378, 0, 0, 0, 0, 0}, // U+0089
  {13378, 0, 0, 0, 0, 0}, // U+008A
  {13378, 0, 0, 0, 0, 0}, // U+008B
  {13378, 0, 0, 0, 0, 0}, // U+008C
  {13378, 0, 0, 0, 0, 0}, // U+008D
  {13378, 0, 0, 0, 0, 0}, // U+008E
  {13378, 0, 0, 0, 0, 0}, // U+008F
  {13378, 0, 0, 0, 0, 0}, // U+0090
  {13378, 0, 0, 0, 0, 0}, // U+0091
  {13378, 0, 0, 0, 0, 0}, // U+0092
  {13378, 0, 0, 0, 0, 0}, // U+0093
  {13378, 0, 0, 0, 0, 0}, // U+0094
  {13378, 0, 0, 0, 0, 0}, // U+0095
  {13378, 0, 0, 0, 0, 0}, // U+0096
  {13378, 0, 0, 0, 0, 0}, // U+0097
  {13378, 0, 0, 0, 0, 0}, // U+0098
  {13378, 0, 0, 0, 0, 0}, // U+0099
  {13378, 0, 0, 0, 0, 0}, // U+009A
  {13378, 0, 0, 0, 0, 0}, // U+009B
  {13378, 0, 0, 0, 0, 0}, // U+009C
  {13378, 0, 0, 0, 0, 0}, // U+009D
  {13378, 0, 0, 0, 0, 0}, // U+009E
  {13378, 0, 0, 0, 0, 0}, // U+009F
  {13378, 0, 0, 8, 0, 0}, // U+00A0
  {13378, 4, 27, 6, 1, -18}, // U+00A1
  {13432, 12, 23, 12, 0, -20}, // U+00A2
  {13570, 9, 18, 11, 1, -17}, // U+00A3
  {13651, 11, 11, 13, 1, -16}, // U+00A4
  {13712, 12, 18, 12, 0, -17}, // U+00A5
  {13820, 4, 30, 6, 1, -26}, // U+00A6
  {13880, 15, 33, 16, 1, -29}, // U+00A7
  {14128, 9, 4, 8, 0, -23}, // U+00A8
  {14146, 15, 20, 17, 1, -22}, // U+00A9
  {14296, 9, 15, 11, 1, -23}, // U+00AA
  {14364, 13, 10, 14, 0, -16}, // U+00AB
  {14429, 12, 8, 14, 1, -14}, // U+00AC
  {14477, 12, 3, 14, 1, -12}, // U+00AD
  {14495, 11, 15, 13, 1, -24}, // U+00AE
  {14578, 7, 3, 7, 0, -22}, // U+00AF
  {14589, 7, 7, 8, 0, -23}, // U+00B0
  {14614, 12, 17, 14, 1, -17}, // U+00B1
  {14716, 7, 12, 9, 1, -22}, // U+00B2
  {14758, 7, 12, 9, 1, -22}, // U+00B3
  {14800, 6, 7, 6, 0, -25}, // U+00B4
  {14821, 14, 25, 16, 1, -18}, // U+00B5
  {14996, 18, 25, 19, 0, -25}, // U+00B6
  {15221, 4, 4, 6, 1, -14}, // U+00B7
  {15229, 5, 6, 5, 0, -1}, // U+00B8
  {15244, 5, 12, 6, 0, -22}, // U+00B9
  {15274, 10, 16, 11, 0, -24}, // U+00BA
  {15354, 12, 10, 14, 1, -16}, // U+00BB
  {15414, 16, 21, 17, 0, -23}, // U+00BC
  {15582, 17, 21, 17, 0, -23}, // U+00BD
  {15761, 16, 21, 18, 1, -23}, // U+00BE
  {15929, 14, 28, 15, 0, -18}, // U+00BF
  {16125, 15, 32, 15, 0, -31}, // U+00C0
  {16365, 15, 32, 15, 0, -31}, // U+00C1
  {16605, 15, 32, 15, 0, -31}, // U+00C2
  {16845, 15, 30, 15, 0, -29}, // U+00C3
  {17070, 15, 30, 15, 0, -29}, // U+00C4
  {17295, 15, 30, 15, 0, -29}, // U+00C5
  {17520, 24, 25, 24, -1, -24}, // U+00C6
  {17820, 16, 31, 17, 1, -25}, // U+00C7
  {18068, 13, 31, 15, 1, -31}, // U+00C8
  {18270, 13, 31, 15, 1, -31}, // U+00C9
  {18472, 13, 31, 15, 1, -31}, // U+00CA
  {18674, 13, 28, 15, 1, -28}, // U+00CB
  {18856, 10, 31, 9, -1, -31}, // U+00CC
  {19011, 11, 31, 9, 0, -31}, // U+00CD
  {19182, 9, 31, 9, 0, -31}, // U+00CE
  {19322, 9, 29, 9, 0, -29}, // U+00CF
  {19453, 17, 26, 17, 0, -25}, // U+00D0
  {19674, 15, 30, 16, 1, -29}, // U+00D1
  {19899, 15, 33, 16, 1, -32}, // U+00D2
  {20147, 15, 33, 16, 1, -32}, // U+00D3
  {20395, 15, 33, 16, 1, -32}, // U+00D4
  {20643, 15, 31, 16, 1, -30}, // U+00D5
  {20876, 15, 30, 16, 1, -29}, // U+00D6
  {21101, 10, 10, 12, 1, -16}, // U+00D7
  {21151, 15, 26, 16, 1, -25}, // U+00D8
  {21346, 14, 32, 16, 1, -31}, // U+00D9
  {21570, 14, 32, 16, 1, -31}, // U+00DA
  {21794, 14, 32, 16, 1, -31}, // U+00DB
  {22018, 14, 30, 16, 1, -29}, // U+00DC
  {22228, 15, 31, 15, 0, -30}, // U+00DD
  {22461, 15, 26, 16, 1, -25}, // U+00DE
  {22656, 20, 26, 19, 0, -25}, // U+00DF
  {22916, 15, 26, 16, 0, -25}, // U+00E0
  {23111, 15, 27, 16, 0, -26}, // U+00E1
  {23314, 15, 27, 16, 0, -26}, // U+00E2
  {23517, 15, 25, 16, 0, -24}, // U+00E3
  {23705, 15, 24, 16, 0, -23}, // U+00E4
  {23885, 15, 27, 16, 0, -26}, // U+00E5
  {24088, 27, 20, 27, 0, -19}, // U+00E6
  {24358, 16, 24, 16, 0, -19}, // U+00E7
  {24550, 16, 27, 16, 0, -26}, // U+00E8
  {24766, 16, 27, 16, 0, -26}, // U+00E9
  {24982, 16, 27, 16, 0, -26}, // U+00EA
  {25198, 16, 25, 16, 0, -24}, // U+00EB
  {25398, 6, 25, 7, -1, -25}, // U+00EC
  {25473, 9, 24, 7, 1, -24}, // U+00ED
  {25581, 7, 25, 7, 0, -25}, // U+00EE
  {25669, 9, 22, 7, -1, -22}, // U+00EF
  {25768, 16, 27, 16, 0, -26}, // U+00F0
  {25984, 14, 24, 15, 1, -23}, // U+00F1
  {26152, 16, 27, 16, 0, -26}, // U+00F2
  {26368, 16, 27, 16, 0, -26}, // U+00F3
  {26584, 16, 27, 16, 0, -26}, // U+00F4
  {26800, 16, 25, 16, 0, -24}, // U+00F5
  {27000, 16, 24, 16, 0, -23}, // U+00F6
  {27192, 12, 11, 14, 1, -16}, // U+00F7
  {27258, 16, 21, 16, 0, -20}, // U+00F8
  {27426, 14, 25, 16, 1, -24}, // U+00F9
  {27601, 14, 25, 16, 1, -24}, // U+00FA
  {27776, 14, 25, 16, 1, -24}, // U+00FB
  {27951, 14, 23, 16, 1, -22}, // U+00FC
  {28112, 14, 32, 16, 1, -24}, // U+00FD
  {28336, 16, 31, 17, 1, -25}, // U+00FE
  {28584, 14, 31, 16, 1, -23}, // U+00FF
};

const AAFont Englebert34aa PROGMEM = {
  Englebert34aaBitmaps,
  Englebert34aaGlyphs,
  0x20, 0xFF,
  47, 35
};
